-- MySQL dump 10.16  Distrib 10.1.29-MariaDB, for Linux (x86_64)
--
-- Host: localhost    Database: u115045845_ayo
-- ------------------------------------------------------
-- Server version	10.1.29-MariaDB

/*!40101 SET @OLD_CHARACTER_SET_CLIENT=@@CHARACTER_SET_CLIENT */;
/*!40101 SET @OLD_CHARACTER_SET_RESULTS=@@CHARACTER_SET_RESULTS */;
/*!40101 SET @OLD_COLLATION_CONNECTION=@@COLLATION_CONNECTION */;
/*!40101 SET NAMES utf8 */;
/*!40103 SET @OLD_TIME_ZONE=@@TIME_ZONE */;
/*!40103 SET TIME_ZONE='+00:00' */;
/*!40014 SET @OLD_UNIQUE_CHECKS=@@UNIQUE_CHECKS, UNIQUE_CHECKS=0 */;
/*!40014 SET @OLD_FOREIGN_KEY_CHECKS=@@FOREIGN_KEY_CHECKS, FOREIGN_KEY_CHECKS=0 */;
/*!40101 SET @OLD_SQL_MODE=@@SQL_MODE, SQL_MODE='NO_AUTO_VALUE_ON_ZERO' */;
/*!40111 SET @OLD_SQL_NOTES=@@SQL_NOTES, SQL_NOTES=0 */;

--
-- Table structure for table `admin`
--

DROP TABLE IF EXISTS `admin`;
/*!40101 SET @saved_cs_client     = @@character_set_client */;
/*!40101 SET character_set_client = utf8 */;
CREATE TABLE `admin` (
  `akses_token` varchar(50) COLLATE utf8_unicode_ci NOT NULL,
  `level` enum('Admin') COLLATE utf8_unicode_ci NOT NULL,
  `nama_admin` varchar(50) COLLATE utf8_unicode_ci NOT NULL,
  `email` varchar(100) COLLATE utf8_unicode_ci NOT NULL,
  PRIMARY KEY (`akses_token`),
  KEY `akses_token` (`akses_token`)
) ENGINE=MyISAM DEFAULT CHARSET=utf8 COLLATE=utf8_unicode_ci;
/*!40101 SET character_set_client = @saved_cs_client */;

--
-- Dumping data for table `admin`
--

/*!40000 ALTER TABLE `admin` DISABLE KEYS */;
INSERT INTO `admin` VALUES ('2WvpaqM8muNdeccM%kD3&@Xbc@akxDT96gzr7BB7bG?$zs2###','Admin','Admin Bernand','mail.ayoklarifikasi@gmail.com');
/*!40000 ALTER TABLE `admin` ENABLE KEYS */;

--
-- Table structure for table `anti_bruteforce`
--

DROP TABLE IF EXISTS `anti_bruteforce`;
/*!40101 SET @saved_cs_client     = @@character_set_client */;
/*!40101 SET character_set_client = utf8 */;
CREATE TABLE `anti_bruteforce` (
  `email` varchar(50) NOT NULL,
  `time` varchar(30) NOT NULL,
  KEY `email` (`email`)
) ENGINE=MyISAM DEFAULT CHARSET=latin1;
/*!40101 SET character_set_client = @saved_cs_client */;

--
-- Dumping data for table `anti_bruteforce`
--

/*!40000 ALTER TABLE `anti_bruteforce` DISABLE KEYS */;
INSERT INTO `anti_bruteforce` VALUES ('bernandotorrez4@gmail.com','1505530776'),('bernandotorrez4@gmail.com','1505535426'),('bernandotorrez4@gmail.com','1505637257'),('bernandotorrez4@gmail.com','1505753649'),('bernandotorrez4@gmail.com','1505782509'),('bernandotorrez4@gmail.com','1505782511'),('bernandotorrez4@gmail.com','1505782513'),('bernandotorrez4@gmail.com','1505782515'),('bernandotorrez4@gmail.com','1505782517'),('rio.myself@gmail.com','1506244539'),('bernandotorrez4@gmail.com','1507703713'),('bernandotorrez4@gmail.com','1507703721'),('bernandotorrez4@gmail.com','1507703731'),('bernandotorrez4@gmail.com','1507703745'),('bernandotorrez4@gmail.com','1507703764'),('mail.bernand@gmail.com','1508154406'),('rio.myself@gmail.com','1508312635'),('rio.myself@gmail.com','1508312646'),('rio.myself@gmail.com','1508312652'),('rio.myself@gmail.com','1508897848'),('rio.myself@gmail.com','1508897855'),('bernandotorrez4@gmail.com','1509328351'),('bernandotorrez4@gmail.com','1510287718'),('rio.myself@gmail.com','1510382868'),('mail.ayoklarifikasi@gmail.com','1512552894'),('bernandotorrez4@gmail.com','1512704078'),('bernandotorrez4@gmail.com','1512704092'),('bernandotorrez4@gmail.com','1512704261'),('bernandotorrez4@gmail.com','1513486856'),('bernandotorrez4@gmail.com','1515114535');
/*!40000 ALTER TABLE `anti_bruteforce` ENABLE KEYS */;

--
-- Table structure for table `komentar_posting`
--

DROP TABLE IF EXISTS `komentar_posting`;
/*!40101 SET @saved_cs_client     = @@character_set_client */;
/*!40101 SET character_set_client = utf8 */;
CREATE TABLE `komentar_posting` (
  `id_komentar` int(11) NOT NULL AUTO_INCREMENT,
  `id_posting` char(11) NOT NULL,
  `email` varchar(50) NOT NULL,
  `tanggal_komentar` timestamp NOT NULL DEFAULT CURRENT_TIMESTAMP ON UPDATE CURRENT_TIMESTAMP,
  `isi_komentar` text NOT NULL,
  `source` text NOT NULL,
  `polling_pro` int(3) DEFAULT '0',
  `polling_kontra` int(3) DEFAULT '0',
  PRIMARY KEY (`id_komentar`),
  KEY `id_posting` (`id_posting`),
  KEY `email` (`email`),
  CONSTRAINT `komentar_posting_ibfk_1` FOREIGN KEY (`id_posting`) REFERENCES `posting` (`id_posting`) ON DELETE CASCADE ON UPDATE CASCADE,
  CONSTRAINT `komentar_posting_ibfk_2` FOREIGN KEY (`email`) REFERENCES `login` (`email`) ON DELETE CASCADE ON UPDATE CASCADE
) ENGINE=InnoDB AUTO_INCREMENT=37 DEFAULT CHARSET=latin1;
/*!40101 SET character_set_client = @saved_cs_client */;

--
-- Dumping data for table `komentar_posting`
--

/*!40000 ALTER TABLE `komentar_posting` DISABLE KEYS */;
INSERT INTO `komentar_posting` VALUES (5,'14092017002','bernandotorrez4@gmail.com','2017-10-04 01:26:30','komen','https://ayoklarifikasi.com/portofolio-bernand.html',1,0),(8,'18092017001','bernandotorrez4@gmail.com','2017-10-04 01:26:38','iya bener banget','https://nasional.sindonews.com/read/1240749/12/jokowi-jangan-karena-pilkada-kita-tak-rukun-dengan-tetangga-1505725276',1,0),(9,'24092017001','rio.myself@gmail.com','2017-10-04 01:26:41','masih dugaan.... biarkan kpk bekerja,....','https://www.cnnindonesia.com/nasional/20170923203821-12-243593/ceo-cilegon-united-ditangkap-kpk-saat-tarik-tunai/',1,0),(10,'11092017001','rio.myself@gmail.com','2017-10-04 01:26:45','untuk beberapa kasus saja...','http://news.detik.com/berita/3139509/guru-honorer-siap-ditempatkan-di-daerah-pelosok-asal-diangkat-jadi-pns',1,0),(18,'18092017001','kokoherdian@gmail.com','2017-10-14 16:25:41','ketika memang ada perbedaan segalanya bisa terjadi pak.\r\ndan bahkan imbasnya bisa melebar kemana mana. dan butuh waktu lama juga untuk menormalkan kondisi tersebut','https://ayoklarifikasi.com/isu-jokowi-jangan-karena-pilkada-kita-tak-rukun-dengan-tetangga.html#isu',1,0),(19,'10102017001','kokoherdian@gmail.com','2017-10-14 16:30:41','bagus bu jika sadar apa yang di lakukan ibu itu Jahat. hahahaha','http://news.liputan6.com/read/3124162/bupati-kukar-rita-widyasari-batal-ajukan-praperadilan',1,0),(20,'11092017001','kokoherdian@gmail.com','2017-10-14 16:34:05','kalo bisa sih semua instansi di gini in. biar merata....','http://news.detik.com/berita/3139509/guru-honorer-siap-ditempatkan-di-daerah-pelosok-asal-diangkat-jadi-pns',1,0),(24,'19102017001','bernandotorrez4@gmail.com','2017-10-19 17:31:21','korut keterlaluan','https://ayoklarifikasi.com/isu-pemimpin-oposisi-korsel-senjata-nuklir-jalan-bagi-perdamaian.html#isu',1,0),(25,'11092017001','ntwelvth@gmail.com','2017-10-25 09:19:57','Karena aku sayang dia, aku gamau jadi pns','http://detik.com',0,1),(26,'16102017002','yogapratama9898@gmail.com','2017-10-25 09:24:41','Penting sih registasi dari pada di blockir','https://www.telkomsel.com/registrasiprabayar',1,0),(27,'11092017001','bernandotorrez4@gmail.com','2017-10-28 15:26:51','seharusnya siap untuk ditugaskan kemana saja, itulah salah satu mengabdi kepada negara dengan ilmu yang anda kuasai...','http://news.detik.com/berita/3139509/guru-honorer-siap-ditempatkan-di-daerah-pelosok-asal-diangkat-jadi-pns',1,0),(28,'29102017001','stepanuspandes@gmail.com','2017-10-29 10:52:25','Ya memang benar rencana tersebut akan di jalankan.','https://bisnis.tempo.co/read/1028565/setelah-tol-bi-siapkan-integrasi-pembayaran-non-tunai-antarmoda?TerkiniUtama&campaign=TerkiniUtama_Click_1',1,0),(29,'29102017002','rio.myself@gmail.com','2017-10-30 04:56:56','Ada peraturan yang dilanggar....\r\nPerkara harga memang harus ada aturannya , mudah2an berikutnya giliran operator seluler dibuat kebijakan harga...\r\nSoalnya menyangkut hajar hidup orang banyak di jaman NOW.....','https://nusantaranews.co/pelanggaran-perpres-bbm-satu-harga-dan-posisi-dilematis-pertamina/',0,1),(30,'29102017001','rio.myself@gmail.com','2017-10-30 07:04:59','mudah - mudahan bisa terealisasi dengan baik','http://www.bi.go.id/id/ruang-media/info-terbaru/Pages/BI-dan-Kemenhub-Sepakati-Integrasi-Sistem-Pembayaran-Elektronik-Transportasi.aspx',1,0),(31,'31102017001','rio.myself@gmail.com','2017-10-31 08:42:12','Pertamax gan...\r\nPasti ada pengalihan pegawai, Pelan pelan sajaaaa','https://m.merdeka.com/uang/jasa-marga-latih-petugas-jalan-tol-jadi-wirausaha.html',1,0),(32,'10112017003','mail.ayoklarifikasi@gmail.com','2017-11-10 21:27:54','ada ada saja papa setnov ini... hadeh...','https://news.detik.com/berita/d-3722169/novanto-tersangka-lagi-kpk-sudah-2-kali-dipanggil-tapi-tak-hadir?_ga=2.33846631.757966567.1510308823-137724731',1,0),(33,'26112017001','bernandotorrez4@gmail.com','2017-11-28 11:18:36','selamat buat saya, selama ini tidak pernah membeli produk Kangen Water...','https://today.line.me/ID/article/Menkes+Produk+Kangen+Water+Bukan+untuk+Pengobatan-l0o8NL?utm_source=fbshare',1,0),(34,'13112017001','bernandotorrez4@gmail.com','2017-12-06 16:33:53','iya','https://ayoklarifikasi.com/isu-benarkah-terluka-di-siang-hari-lebih-cepat-sembuh-inipenjelasannya.html#isu',1,0),(35,'26112017001','mail.ayoklarifikasi@gmail.com','2017-12-06 16:35:13','tes','https://ayoklarifikasi.com/isu-benarkah-terluka-di-siang-hari-lebih-cepat-sembuh-inipenjelasannya.html#isu',0,1),(36,'10012018001','bernandotorrez4@gmail.com','2018-01-10 10:07:19','asdasdasd','https://ayoklarifikasi.com/isu-sudirman-said-ida-fauziyah-daftar-ke-kpu-jateng-ayoklarifikasi.html#isu',1,0);
/*!40000 ALTER TABLE `komentar_posting` ENABLE KEYS */;

--
-- Table structure for table `kontak_kami`
--

DROP TABLE IF EXISTS `kontak_kami`;
/*!40101 SET @saved_cs_client     = @@character_set_client */;
/*!40101 SET character_set_client = utf8 */;
CREATE TABLE `kontak_kami` (
  `id_kontak` int(11) NOT NULL AUTO_INCREMENT,
  `email` varchar(50) COLLATE utf8_unicode_ci NOT NULL,
  `subject` varchar(100) COLLATE utf8_unicode_ci NOT NULL,
  `pesan` varchar(250) COLLATE utf8_unicode_ci NOT NULL,
  `tanggal_pesan` timestamp NOT NULL DEFAULT CURRENT_TIMESTAMP ON UPDATE CURRENT_TIMESTAMP,
  PRIMARY KEY (`id_kontak`)
) ENGINE=InnoDB AUTO_INCREMENT=2 DEFAULT CHARSET=utf8 COLLATE=utf8_unicode_ci;
/*!40101 SET character_set_client = @saved_cs_client */;

--
-- Dumping data for table `kontak_kami`
--

/*!40000 ALTER TABLE `kontak_kami` DISABLE KEYS */;
INSERT INTO `kontak_kami` VALUES (1,'bernandotorrez4@gmail.com','Tes kirim kontak','tes kirim kontak','2017-11-10 11:24:01');
/*!40000 ALTER TABLE `kontak_kami` ENABLE KEYS */;

--
-- Table structure for table `login`
--

DROP TABLE IF EXISTS `login`;
/*!40101 SET @saved_cs_client     = @@character_set_client */;
/*!40101 SET character_set_client = utf8 */;
CREATE TABLE `login` (
  `email` varchar(50) NOT NULL,
  `password` varchar(50) NOT NULL,
  `passkey` varchar(50) NOT NULL,
  `status_member` enum('sudah','belum') DEFAULT 'belum',
  `level` enum('Admin','Member') DEFAULT 'Member',
  PRIMARY KEY (`email`)
) ENGINE=InnoDB DEFAULT CHARSET=latin1;
/*!40101 SET character_set_client = @saved_cs_client */;

--
-- Dumping data for table `login`
--

/*!40000 ALTER TABLE `login` DISABLE KEYS */;
INSERT INTO `login` VALUES ('bernandotorrez4@gmail.com','42018a23a4f89d3c246d1808aed0c2ec','ea79119392369c715c3adb11f9c704f6','sudah','Member'),('bernandotorrez@hotmail.com','42018a23a4f89d3c246d1808aed0c2ec','092ff0521582bac564aa85d57cc252f6','sudah','Member'),('e@e.fd','e10adc3949ba59abbe56e057f20f883e','fb498ab4a2a3d8884ae92db737a5f87e','belum','Member'),('fauzanaddani@gmail.com','c9623ae98a9db3acae866854ea94c882','138cf0b8702ca127803567d248be6e0b','sudah','Member'),('gibranueg@yahoo.com','bfbe4a9ddaf0588e8dd65ff2c2ea3cc9','0a5ce8c8ecfb9c2c4790f438be4fe25e','sudah','Member'),('haha@haha.com','101a6ec9f938885df0a44f20458d2eb4','f0baa69783789c80b4ee16c1c8782bcc','belum','Member'),('kokoherdian@gmail.com','e79c7323f62151abde47e29987b38859','645a9df16d0a1be50790e287823f8169','sudah','Member'),('kontol@gmail.com','ffc27fa80f6e9683c8c32df72f83dc81','d9a329ec6a00a8a0bd77d7e4641224c8','belum','Member'),('mail.ayoklarifikasi@gmail.com','42018a23a4f89d3c246d1808aed0c2ec','f65aeb2f6a641f3c5bb8b780178988c2','sudah','Member'),('mail.bernand@gmail.com','42018a23a4f89d3c246d1808aed0c2ec','aecb4e1e27a5fb68578c8dd8762f0edc','sudah','Member'),('masbayu.ok@gmail.com','c4fc7292fb25c695ea14aff5270fb647','03841e7f4567f28bb2fa6cf88a8961d6','sudah','Member'),('ntwelvth@gmail.com','0bffcc84a184751200e07747d3f81db1','5e1b05246858fb6d0c87c19712d7a8e6','sudah','Member'),('r10_1234@yahoo.com','e10adc3949ba59abbe56e057f20f883e','26ea5cb9eac46547ea33d70b1cb097ee','sudah','Member'),('richarddeppasau@gmail.com','e401593c58b7375b913e778c8efd4e70','d0cc15805e351880dc85edcb4440600e','belum','Member'),('rio.myself@gmail.com','e10adc3949ba59abbe56e057f20f883e','5336ca339a0a32dca89c6d4d6683d342','sudah','Member'),('stepanuspandes@gmail.com','bf13ca28b07a63fb513fc7b9eba1be33','1306255b29f0b98a799e7c9272283faf','sudah','Member'),('yogapratama9898@gmail.com','5da17e827014407732d784db2a5e7eee','4be62a59f306f19b3340af1d42e695c8','sudah','Member'),('zvincere@gmail.com','95f2c378c40c339304f268bc59f8a9ab','49f1723b895246ee7c0ebcd0784833de','sudah','Member');
/*!40000 ALTER TABLE `login` ENABLE KEYS */;

--
-- Table structure for table `member`
--

DROP TABLE IF EXISTS `member`;
/*!40101 SET @saved_cs_client     = @@character_set_client */;
/*!40101 SET character_set_client = utf8 */;
CREATE TABLE `member` (
  `email` varchar(50) NOT NULL,
  `nama_member` varchar(50) NOT NULL,
  `foto` varchar(50) DEFAULT NULL,
  `tanggal_daftar` timestamp NOT NULL DEFAULT CURRENT_TIMESTAMP ON UPDATE CURRENT_TIMESTAMP,
  `total_vote` int(3) NOT NULL,
  `jk` enum('Boy','Girl') NOT NULL,
  UNIQUE KEY `email_3` (`email`),
  KEY `email` (`email`),
  KEY `email_2` (`email`),
  CONSTRAINT `member_ibfk_1` FOREIGN KEY (`email`) REFERENCES `login` (`email`) ON DELETE CASCADE ON UPDATE CASCADE
) ENGINE=InnoDB DEFAULT CHARSET=latin1;
/*!40101 SET character_set_client = @saved_cs_client */;

--
-- Dumping data for table `member`
--

/*!40000 ALTER TABLE `member` DISABLE KEYS */;
INSERT INTO `member` VALUES ('bernandotorrez4@gmail.com','Bernand D H',NULL,'2018-01-10 03:07:19',13,'Boy'),('bernandotorrez@hotmail.com','Bernando Torrez',NULL,'2017-10-04 13:36:40',2,'Boy'),('e@e.fd','qqqq',NULL,'2017-09-24 09:22:32',0,'Boy'),('fauzanaddani@gmail.com','Abu Nubli Fauzan Addani',NULL,'2017-10-30 04:00:56',0,'Boy'),('gibranueg@yahoo.com','Geral Gibranue Ustara',NULL,'2017-10-10 14:22:09',0,'Boy'),('haha@haha.com','haha',NULL,'2017-09-24 00:53:45',0,'Boy'),('kokoherdian@gmail.com','joko herdian saputra',NULL,'2017-10-14 09:34:05',3,'Boy'),('kontol@gmail.com','kontol',NULL,'2017-11-20 16:13:13',0,'Boy'),('mail.ayoklarifikasi@gmail.com','Ayo Klarifikasi',NULL,'2017-12-06 09:35:13',5,'Boy'),('mail.bernand@gmail.com','Torrez',NULL,'2017-10-10 15:39:37',1,'Boy'),('masbayu.ok@gmail.com','Byby',NULL,'2017-09-26 06:34:26',0,'Boy'),('ntwelvth@gmail.com','Kepoin Akuh Dong QAQA',NULL,'2017-10-25 02:19:57',1,'Boy'),('r10_1234@yahoo.com','MagicWand',NULL,'2017-10-31 01:24:51',0,'Boy'),('richarddeppasau@gmail.com','Richard',NULL,'2017-09-12 14:40:49',0,'Boy'),('rio.myself@gmail.com','riow',NULL,'2017-10-31 01:42:12',5,'Boy'),('stepanuspandes@gmail.com','Stepanuspande',NULL,'2017-10-29 03:52:25',1,'Boy'),('yogapratama9898@gmail.com','yoga pratama alviansah',NULL,'2017-10-25 02:24:41',1,'Boy'),('zvincere@gmail.com','zvincere',NULL,'2017-09-24 00:55:33',0,'Boy');
/*!40000 ALTER TABLE `member` ENABLE KEYS */;

--
-- Table structure for table `modul`
--

DROP TABLE IF EXISTS `modul`;
/*!40101 SET @saved_cs_client     = @@character_set_client */;
/*!40101 SET character_set_client = utf8 */;
CREATE TABLE `modul` (
  `id_modul` int(11) NOT NULL AUTO_INCREMENT,
  `nama_modul` varchar(50) COLLATE utf8_unicode_ci NOT NULL,
  `jenis_modul` enum('Website') COLLATE utf8_unicode_ci NOT NULL,
  `status` enum('Berjalan','Konstruksi') COLLATE utf8_unicode_ci NOT NULL,
  PRIMARY KEY (`id_modul`)
) ENGINE=MyISAM AUTO_INCREMENT=2 DEFAULT CHARSET=utf8 COLLATE=utf8_unicode_ci;
/*!40101 SET character_set_client = @saved_cs_client */;

--
-- Dumping data for table `modul`
--

/*!40000 ALTER TABLE `modul` DISABLE KEYS */;
INSERT INTO `modul` VALUES (1,'Cek Status Web','Website','Berjalan');
/*!40000 ALTER TABLE `modul` ENABLE KEYS */;

--
-- Table structure for table `polling`
--

DROP TABLE IF EXISTS `polling`;
/*!40101 SET @saved_cs_client     = @@character_set_client */;
/*!40101 SET character_set_client = utf8 */;
CREATE TABLE `polling` (
  `id_posting` char(11) COLLATE utf8_unicode_ci NOT NULL,
  `email` varchar(50) COLLATE utf8_unicode_ci NOT NULL,
  `polling_pro` int(11) NOT NULL DEFAULT '0',
  `polling_kontra` int(11) DEFAULT '0',
  KEY `id_posting` (`id_posting`),
  KEY `email` (`email`)
) ENGINE=InnoDB DEFAULT CHARSET=utf8 COLLATE=utf8_unicode_ci;
/*!40101 SET character_set_client = @saved_cs_client */;

--
-- Dumping data for table `polling`
--

/*!40000 ALTER TABLE `polling` DISABLE KEYS */;
/*!40000 ALTER TABLE `polling` ENABLE KEYS */;

--
-- Table structure for table `posting`
--

DROP TABLE IF EXISTS `posting`;
/*!40101 SET @saved_cs_client     = @@character_set_client */;
/*!40101 SET character_set_client = utf8 */;
CREATE TABLE `posting` (
  `id_posting` char(11) NOT NULL,
  `judul_posting` varchar(250) NOT NULL,
  `isi_posting` text NOT NULL,
  `tanggal_posting` timestamp NULL DEFAULT NULL,
  `email` varchar(50) DEFAULT NULL,
  `view` int(11) DEFAULT '0',
  `approve` enum('yes','no') DEFAULT 'no',
  `source` text,
  `tujuan` text NOT NULL,
  `vote` enum('Pro','Kontra') NOT NULL,
  `komentar` text NOT NULL,
  `slug` text NOT NULL,
  `image` text NOT NULL,
  PRIMARY KEY (`id_posting`),
  KEY `email` (`email`),
  CONSTRAINT `posting_ibfk_1` FOREIGN KEY (`email`) REFERENCES `login` (`email`) ON DELETE CASCADE ON UPDATE CASCADE
) ENGINE=InnoDB DEFAULT CHARSET=latin1;
/*!40101 SET character_set_client = @saved_cs_client */;

--
-- Dumping data for table `posting`
--

/*!40000 ALTER TABLE `posting` DISABLE KEYS */;
INSERT INTO `posting` VALUES ('01112017001','Lewat Operasi Senyap, Anies Ungkap Praktik Prostitusi -\nTribunnews.com','<div readability=\"79.964660408614\">\n  <p>\n    <strong>Laporan Wartawan Tribunnews.com, Glery\n    Lazuardi</strong>\n  </p>\n  <p>\n    <strong>TRIBUNNEWS.COM, JAKARTA –</strong> Gubernur DKI\n    Jakarta, Anies Baswedan, mengaku sudah lama memantau kegiatan\n    di Hotel Alexis dan Griya Pijat Alexis. Selama pemantauan\n    kegiatan di dua tempat itu, kata dia, jajarannya melakukan\n    ‘operasi senyap’.\n  </p>\n  <p>\n    Hasil, dari pemantauan itu digunakan untuk menolak daftar ulang\n    Tanda Daftar Usaha Pariwisata (TDUP) yang diajukan pengelola\n    kedua tempat tersebut. Penolakan itu tertuang dalam surat\n    bernomor 68661-1.858.8.\n  </p><img src=\n  \"http://cdn-2.tstatic.net/tribunnews/foto/bank/images/anies-baswedan_20171031_170315.jpg\"\n  alt=\"Gubernur DKI Jakarta Anies Baswedan\" width=\"700\" height=\n  \"393\"> Gubernur DKI Jakarta Anies Baswedan (youtube)\n  <p>\n    Surat itu merupakan tanggapan atas surat dari Alexis dengan\n    Nomor 026B/GAH/X/17 yang dikirim sehari sebelumnya atau 26\n    Oktober. Dalam surat itu, Alexis menanyakan alasan daftar\n    ulangnya belum diproses. Pihak Alexis menyebut selama ini\n    daftar ulang yang diajukan setiap tahun selalu keluar.\n  </p>\n  <p>\n    “Kami akan bekerja dengan senyap, seperti bekerja kemarin juga\n    senyap. Kalau melihat datanya sudah agak panjang, jadi minimal\n    saya tidak usah sebutlah,” tutur Anies, kepada wartawan ditemui\n    di Balai Kota DKI Jakarta, Selasa (31/10/2017) malam.\n  </p>\n  <p>\n    <strong>Baca: <a title=\n    \"Penghentian Izin Usaha Alexis Dianggap Sumir, Anggota DPRD DKI: Pembuktiannya Belum Ada\"\n    href=\n    \"http://www.tribunnews.com/metropolitan/2017/10/31/penghentian-izin-usaha-alexis-dianggap-sumir-anggota-dprd-dki-pembuktiannya-belum-ada\"\n    style=\"color: inherit; text-decoration: none;\" name=\n    \"readabilityLink-1\" id=\"readabilityLink-1\">Penghentian Izin\n    Usaha Alexis Dianggap Sumir, Anggota DPRD DKI: Pembuktiannya\n    Belum Ada</a></strong>\n  </p>\n  <p>\n    Menurut dia, ‘operasi senyap’ itu tetap akan dilakukan untuk\n    menindak tempat-tempat usaha serupa yang ternyata dijadikan\n    praktek-praktek prostitusi secara terselubung. Hal ini karena\n    upaya penindakan di tempat itu berbeda dengan pelanggaran\n    bangunan dan jalan.\n  </p>\n  <p>\n    Tidak hanya kedua tempat itu, dia menegaskan akan menindak\n    semua tempat hiburan, hotel ataupun karaoke yang dipergunakan\n    untuk tempat maksiat.\n  </p>\n  <p>\n    “Kami akan periksa semuanya satu-satu. Memang beda dengan\n    pelanggaran bangunan, pelanggaran jalan, bisa kita foto. Memang\n    beda dengan pelanggaran bangunan, pelanggaran jalan bisa\n    foto-foto. Kalau ini tidak patut,” tambahnya.\n  </p>\n</div>\n<div id=\"readability-footnotes\"></div>','2017-11-01 11:04:22','bernandotorrez4@gmail.com',23,'no','http://www.tribunnews.com/metropolitan/2017/11/01/lewat-operasi-senyap-anies-ungkap-praktik-prostitusi','Untuk menginformasikan kepada teman - teman','Pro','Untuk menginformasikan kepada teman - teman','lewat-operasi-senyap-anies-ungkap-praktik-prostitusi--tribunnewscom','http://cdn2.tstatic.net/tribunnews/foto/bank/images/suasana-lantai-7-hotel-alexis_20171031_180334.jpg'),('04112017001','Mereka yang Ditangkap Akibat Melucu','<p>\n  George Carlin dalam sebuah sesi foto untuk promosi \'George Carlin\n  It\'s Bad for Ya\' produksi HBO TV. REUTERS/Robert Sebree\n</p>\n<div readability=\"205.85583653195\">\n  <strong><a href=\n  \"//tirto.id?utm_source=internal&amp;utm_medium=Article\" style=\n  \"color: inherit; text-decoration: none;\" name=\"readabilityLink-1\"\n  id=\"readabilityLink-1\">tirto.id</a> -</strong> Penyidik\n  Direktorat Tindak Pidana Siber (Ditsiber) Bareskrim Mabes Polri\n  menangkap salah satu anggota Partai Solidaritas Indonesia (PSI),\n  Dyann Kemala Arrizzqi karena diduga menghina Ketua DPR RI\n  Setya&nbsp;Novanto&nbsp;di media sosial. Dyann, yang sudah\n  ditetapkan sebagai tersangka pelanggaran UU ITE ditangkap polisi\n  pada&nbsp;Selasa (1/11/2017) kemarin.\n  <p>\n    Dyann dilaporkan oleh tim kuasa hukum Novanto&nbsp;atas dugaan\n    pencemaran nama baik dan penghinaan melalui media sosial.\n    Laporan muncul akibat unggahan foto Dyann&nbsp;yang berisikan\n    meme&nbsp;Ketua Umum DPP Partai Golkar itu kala terbaring sakit\n    lewat akun instagram miliknya @DazzlingDyann. Unggahan Dyann\n    pada 7 Oktober 2017 tersebut menampilkan kumpulan cuitan\n    warganet soal Setya Novanto usai memenangkan sidang\n    praperadilan.&nbsp;\n  </p>\n  <p>\n    Mantan Ketua Tim Antarkementerian Panitia Kerja Revisi\n    Undang-Undang Informasi dan Transaksi Elektronik 2016, Henri\n    Subiakto mengatakan, penangkapan Dyann merupakan kesalahan.\n    Menurut Henri, unggahan Dyann adalah wujud ekspresi dan satire\n    belaka. Bagi Henri, satire jelas tak bisa dipidanakan dalam\n    konteks komunikasi dan demokrasi.\n  </p>\n  <p>\n    “Itu pengertian keranjang sampah. Jadi menghina itu dianggap\n    semua hal yang bikin kesal,” kata Henri Subiakto saat dihubungi\n    <i>Tirto</i>. “Kecuali dalam satirenya ada tuduhan. Misalnya\n    tuduhan mencuri, memperkosa,&nbsp;<i>nyolong</i>.”\n  </p>\n  <p>\n    Henri menjelaskan, satire sangatlah subjektif. Meski begitu,\n    satire berbeda dengan tuduhan. Satire hanya lucu-lucuan dan\n    tidak menuding seseorang. Sementara tuduhan, bisa jadi fitnah\n    dan pencemaran nama baik. “Jadi, satire tidak bisa kena (pidana\n    fitnah dan pencemaran nama baik),” pungkasnya.\n  </p>\n  <p>\n    <strong>Baca juga:</strong> <a href=\n    \"https://tirto.id/komedian-terkaya-di-dunia-bUwn\" target=\n    \"_blank\" rel=\"noopener\" style=\n    \"color: inherit; text-decoration: none;\" name=\n    \"readabilityLink-2\" id=\"readabilityLink-2\">Komedian Terkaya di\n    Dunia</a>\n  </p>\n  <p>\n    Menurut Henri, UU ITE tidak bisa dilepaskan dari Pasal 310 dan\n    Pasal 311 Kitab Undang-Undang Hukum Pidana (KUHP). Apabila meme\n    berisi tuduhan terhadap seseorang, hal itu dapat dipidana\n    dengan Pasal 27 ayat (3) UU ITE. Sebagai catatan, sebelumnya\n    perihal penghinaan sempat diatur dalam 1 bab keseluruhan UU\n    ITE. Namun setelah direvisi, ketentuan penghinaan dihilangkan\n    dan mengacu pada Pasal 310 dan Pasal 311 KUHP.\n  </p>\n  <p>\n    Jika kasus seperti ini terus berulang, Henri mengaku khawatir.\n    Ia memprediksi banyak pihak yang memanfaatkan pasal tersebut\n    untuk mempidanakan ratusan rakyat Indonesia. Ini tentunya akan\n    berdampak buruk bagi proses demokrasi di Indonesia. “Itu akan\n    membuat Indonesia terlihat tidak demokratis kalau sindiran\n    satire yang tidak masuk dalam rumusan delik dimasukkan (sebagai\n    pidana),” tegasnya.\n  </p>\n  <p>\n    Kasubdit II Ditsiber Bareskrim Polri Kombes Asep Safrudin yang\n    menangani kasus Dyann tidak mau menjelaskan lebih rinci ihwal\n    apa yang menjadi dasar penangkapan. “Yang jelas yang mengandung\n    konten perbuatan tidak menyenangkan ataupun fitnah,” ujar Asep.\n  </p>\n  <p>\n    Selain Dyann, Setya Novanto juga melaporkan 32 akun media\n    sosial yang dianggap menghina dan mencemarkan nama baiknya\n    sebagai Ketua DPR RI maupun Ketua Umum Partai Golkar. Semua\n    yang memiliki tendensi tersebut telah dicatat dalam laporan\n    polisi bernomor LP/1032/X/2017/Bareskrim tertanggal 10 Oktober.\n  </p>\n  <p>\n    Kuasa hukum Novanto, Fredrich Yunadi menjelaskan langkah hukum\n    yang ditempuh bukan dalam rangka balas dendam, melainkan agar\n    masyarakat tidak mudah terprovokasi. Ia menilai meme yang\n    disebar akun-akun tersebut dapat membuat orang semakin benci\n    dengan Novanto. “Lihat\n    bahasanya&nbsp;<i>dong.</i>&nbsp;Bahasanya banyak mengandung\n    penghinaan,” terangnya.\n  </p>\n  <p>\n    Selama pemeriksaan, Fredrich mengakui jumlah akun yang\n    dilaporkan meningkat menjadi sekitar 68 atau 69 akun. Fredrich\n    menegaskan bahwa hal ini merupakan penilaian dari penyidik\n    secara pribadi melalui saksi ahli bahasa dan ahli UU ITE. Ia\n    mengatakan bahwa hal ini tidak menyasar kepada pihak tertentu,\n    apalagi kader PSI, Dyann Kemala Arrizzqi. “Enggak. Kami cari\n    satu per satu, kami cari yang konteksnya memiliki tendensi jadi\n    SARA atau penghinaan,” kata dia. “Dari partai manapun, saya\n    tidak peduli. Mau pejabat tinggi juga kami sikat.”&nbsp;\n  </p>\n  <p>\n    <strong>Diringkus Akibat Guyonan: dari Mesir sampai\n    Amerika</strong>\n  </p>\n  <p>\n    Apa yang menimpa Dyann nyatanya juga terjadi di belahan bumi\n    lainnya. Pada 2013, bintang televisi Mesir, Bassem Youssef\n    ditangkap aparat akibat tuduhan menghina Presiden Mesir Mohamed\n    Morsi dan Islam. Pihak berwenang beranggapan, acara yang\n    dipandu Youssef pada setiap Jum’at malam mengandung sindiran\n    berujung hinaan terhadap Morsi.\n  </p>\n  <p>\n    “Petugas polisi dan pengacara di kantor kejaksaan ingin berfoto\n    bersama saya,” ujar Youssef lewat akun Twitter-nya seperti\n    <a href=\n    \"https://www.independent.co.uk/news/world/africa/a-joke-too-far-top-satirist-bassem-youssef-arrested-over-insults-to-president-morsi-8555709.html\"\n    target=\"_blank\" rel=\"noopener\" style=\n    \"color: inherit; text-decoration: none;\" name=\n    \"readabilityLink-3\" id=\n    \"readabilityLink-3\">dikutip</a>&nbsp;<em>The Independent</em>\n    ketika dirinya ditangkap. “Mungkin karena itulah mereka\n    memerintahkan penangkapanku.” Tak lama setelahnya Youssef\n    dibebaskan dengan jaminan sebesar 15 ribu poundsterling.\n  </p>\n  <p>\n    Youssef, seorang ahli bedah jantung, populer setelah rutin\n    mengunggah serangkaian drama komedi satire ke akun YouTube\n    bernama El Bernameg&nbsp;sejak 2011, ketika kekuasaan Hosni\n    Mubarak jatuh. Video yang dipublikasikan Youssef hampir selalu\n    ditonton hingga puluhan juta orang. Dalam videonya, Youssef\n    menampilkan kritikan sampai sindiran terhadap kondisi dalam\n    negeri. Tak jarang, video Youssef memicu kemarahan kaum\n    fundamentalis.\n  </p>\n  <p>\n    <strong>Baca juga:</strong> <a href=\n    \"https://tirto.id/menertawakan-diri-lewat-meme-lelucon-ala-milenial-cyKz\"\n    target=\"_blank\" rel=\"noopener\" style=\n    \"color: inherit; text-decoration: none;\" name=\n    \"readabilityLink-4\" id=\"readabilityLink-4\">Menertawakan Diri\n    Lewat Meme, Lelucon ala Milenial</a>\n  </p>\n  <p>\n    Jauh sebelum Youssef, hal serupa terjadi di Amerika Serikat.\n    Pelakunya <a href=\n    \"http://time.com/3642530/50-years-lenny-bruce/\" target=\"_blank\"\n    rel=\"noopener\" style=\"color: inherit; text-decoration: none;\"\n    name=\"readabilityLink-5\" id=\n    \"readabilityLink-5\">komedian</a>&nbsp;Lenny Bruce. Publik\n    Amerika mengenal Bruce sebagai komedian yang berani\n    mengungkapkan lelucon-lelucon vulgar yang tak&nbsp;jauh-jauh\n    dari narkoba, seks, hingga agama—topik-topik yang dianggap\n    super sensitif di Amerika dekade 1950an yang sangat\n    konservatif. Waktu itu, Bruce&nbsp;bahkan pernah dilarang\n    tampil di sejumlah kota akibat leluconnya.\n  </p>\n  <p>\n    Meski demikian, Bruce tak ingin dikekang. Ia tetap konsisten\n    dalam gaya lawaknya. Walhasil, pada 21 Desember 1964 Bruce\n    ditahan selama empat bulan di rumah sosial karena menyebut\n    Eleanor Roosevelt memiliki “payudara indah” dalam acara komedi\n    di New York. Tak hanya itu, Bruce juga mengeluarkan banyolan\n    yang berbau seksual lainnya.\n  </p>\n  <p>\n    Penangkapan Bruce memantik solidaritas dari kawan-kawannya\n    seperti Woody Allen, Bob Dylan, Norman Mailer, sampai James\n    Baldwin dengan membelanya dalam pengadilan. Dua tahun\n    berselang, Bruce meninggal dunia. Ia tak pernah meminta maaf\n    atas apa yang diucapkannya. Walaupun begitu, pada 2003 ia\n    menerima pengampunan anumerta dari Gubernur New York George\n    Pataki.\n  </p>\n  <p>\n    “Seandainya Yesus terbunuh 20 tahun silam, murid-murid sekolah\n    Katolik akan mengenakan kursi listrik di leher mereka; bukan\n    salib,” ujar <a href=\n    \"http://edition.cnn.com/2017/02/08/entertainment/history-comedy-key-moments/index.html\"\n    target=\"_blank\" rel=\"noopener\" style=\n    \"color: inherit; text-decoration: none;\" name=\n    \"readabilityLink-6\" id=\n    \"readabilityLink-6\">Bruce</a>&nbsp;mengolok-olok agama\n    sekaligus metode hukuman mati yang populer di AS saat\n    itu.&nbsp;\n  </p>\n  <p>\n    Setelah Bruce, giliran George Carlin yang berhadapan dengan\n    hukum karena mengumbar lelucon bernada vulgar. Carlin ditangkap\n    saat membawakan monolog&nbsp;Milwaukee’s\n    Summerfest&nbsp;berjudul “Tujuh Kata yang Tidak Boleh Kamu\n    Ucapkan di Televisi” pada 1972. Tujuh kata yang dimaksud Carlin\n    antara lain: \'<em>shit</em>\', \'<em>piss</em>\', \'<em>fuck</em>\',\n    \'<em>cunt</em>\', \'<em>cocksucker</em>\',\n    \'<em>motherfucker</em>\', sampai \'<em>tits</em>\'.\n  </p>\n  <p>\n    <strong>Baca juga:</strong> <a href=\n    \"https://tirto.id/gelapnya-komedi-tragedi-dari-nordik-bNWs\"\n    target=\"_blank\" rel=\"noopener\" style=\n    \"color: inherit; text-decoration: none;\" name=\n    \"readabilityLink-7\" id=\"readabilityLink-7\">Gelapnya\n    Komedi-Tragedi dari Nordik</a>\n  </p>\n  <p>\n    <img title=\"Mereka yang Ditangkap Akibat Melucu\" src=\n    \"//mmc.tirto.id/image/otf/860x/2017/11/03/dari-humor-ke-horor--MILD--Quita.jpg\"\n    width=\"860\" alt=\"Infografik dari humor ke horor\">\n  </p>\n  <p>\n    Kasus Carlin dilatarbelakangi oleh laporan anggota organisasi\n    konservatif bernama “Moralitas Media” kepada Mahkamah Agung\n    Amerika Serikat. Sang pelapor menuduh lelucon Calin merusak,\n    seronok, dan tak pantas bagi anak-anak. Mahkamah Agung pun\n    memutuskan Carlin tidak melanggar Amandemen Pertama Amerika\n    Serikat. Meski bebas dari jerat hukum, Carlin harus ditangkap\n    ketika monolognya&nbsp;dianggap&nbsp;menganggu ketertiban umum\n    di sebuah festival di Wisconsin.\n  </p>\n  <p>\n    Lelucon legendaris Carlin: “Berperang untuk perdamaian ibarat\n    bersetubuh demi menjaga keperawanan.”\n  </p>\n  <p>\n    Brian Moylan dalam artikelnya yang ditulis di <em>TIME</em>\n    menjelaskan musuh komedian bukan lagi aparat melainkan media\n    sosial dan internet. Moylan menjelaskan, “Ada orang-orang yang\n    meruntuhkan batas-batas [sosial] soal apa yang bisa diterima\n    [publik] sehingga menimbulkan kelucuan. Tidak ada standar\n    mengenai mana lelucon baik, mana lelucon kotor, serta apa yang\n    tidak harus dilakukan Lenny Bruce. Tapi saat ini situasinya\n    berbeda. Ada pemantauan oleh komunitas, internet, serta media\n    sosial dalam mengkomunikasikan topik seputar ras, agama,\n    seksualitas, gender, hingga identitas.”\n  </p>\n  <p>\n    Ada masanya ketika Warkop&nbsp;DKI&nbsp;mengatakan \"tertawalah\n    sebelum tertawa itu dilarang\". Sialnya&nbsp;hari ini, tertawa\n    pun belum, leluconnya&nbsp;sudah diberangus.\n  </p>\n  <p>\n    Baca juga artikel terkait <a href=\n    \"https://tirto.id/q/meme-g1J?utm_source=internal&amp;utm_medium=lowkeyword\"\n    style=\"color: inherit; text-decoration: none;\" name=\n    \"readabilityLink-8\" id=\"readabilityLink-8\">MEME</a> atau\n    tulisan menarik lainnya <a href=\n    \"https://tirto.id/author/faisalrezairfan?utm_source=internal&amp;utm_medium=lowauthor\"\n    style=\"color: inherit; text-decoration: none;\" name=\n    \"readabilityLink-9\" id=\"readabilityLink-9\">M Faisal Reza\n    Irfan</a><br>\n  </p>\n  <p>\n    (tirto.id - fri/win)\n  </p>\n  <h3 class=\"label-section\">\n    Keyword\n  </h3>\n  <h3 class=\"label-section\">\n    REKOMENDASI\n  </h3>\n  <hr>\n  <hr>\n  <h3 class=\"label-section\">\n    KONTEN MENARIK LAINNYA\n  </h3>\n  <h3 class=\"label-section\">\n    BACA JUGA\n  </h3>\n</div>\n<div id=\"readability-footnotes\"></div>','2017-11-04 19:16:10','bernandotorrez4@gmail.com',32,'no','https://tirto.id/mereka-yang-ditangkap-akibat-melucu-czur','Untuk menginformasikan kepada teman - teman','Pro','hati - hati bagi pembuat meme atau penyebar meme....\r\n\r\napalagi kalo meme soal politik, jangan nagis kalo kena cyduk polisi ya','mereka-yang-ditangkap-akibat-melucu','https://mmc.tirto.id/image/share/fb/2017/11/03/george-carlin--reuters.jpg'),('10012018001','Sudirman Said-Ida Fauziyah Daftar ke KPU Jateng... - Ayo Klarifikasi','<div id=\"content\" readability=\"73\">\n  <strong>SEMARANG</strong> - Seusai mendapatkan dukungan empat\n  partai (Gerindra, PKB, PKS, dan PAN) untuk maju di Pemilihan\n  Gubernur (Pilgub) Jawa Tengah 2018, Bakal Cagub-Cawagub Sudirman\n  Said-Ida Fauziyah akan mendaftar ke KPU Jawa Tengah, Jalan\n  Veteran Semarang, Rabu (10/1/2018) sore.\n  <p>\n    Rencananya, pendaftaran ke KPU Jateng dilakukan seusai\n    melaksanakan Salat Asar. \"Insya Allah sore nanti seusai Salat\n    Asar mendaftar ke KPU,\" ucap Tim Komunikasi Sudirman Said,\n    Hartono, dalam pesan singkatnya melalui <em>WhatsApp</em>, Rabu\n    (10/1/2018) pagi.\n  </p>\n  <p>\n    Sebelum menuju KPU, Sudirman-Ida akan mengikuti serangkaian\n    acara di Bundaran Air Mancur Jalan Pahlawan, antara lain\n    tilawah, menyanyikan lagu Indonesia Raya, doa bersama, salat\n    hajat, dan orasi.\n  </p>\n  <p>\n    Hartono menambahkan, dari Bundaran Air Mancur, rombongan\n    pengurus, kader dan simpatisan yang mengawal pasangan Sudirman\n    Said-Ida Fauziyah melanjutkan tabur bunga di Taman Makam\n    Pahlawan (TMP) Giri Tunggal, Jalan Sriwijaya. \"Setelah dari\n    TMP, rombongan berjalan kaki menuju Kantor KPU Jateng,\"\n    ujarnya.\n  </p>\n  <p>\n    Sepeti diketahui, hari ini adalah batas terakhir waktu\n    pendaftaran pasangan calon dalam Pilkada Serentak 2018.\n    Pendaftaran calon akan ditutup pada pukul 23.59 WIB.\n  </p>\n  <p>\n    (zik)\n  </p>\n</div>','2018-01-10 10:05:55','bernandotorrez4@gmail.com',12,'no','https://daerah.sindonews.com/read/1272383/22/sudirman-said-ida-fauziyah-daftar-ke-kpu-jateng-setelah-salat-asar-1515548093','sadasdasdasd','Pro','asdadasdsadasdsadasdsaddasdas','sudirman-said-ida-fauziyah-daftar-ke-kpu-jateng-ayoklarifikasi','https://cdn.sindonews.net/dyn/620/content/2018/01/10/22/1272383/sudirman-said-ida-fauziyah-daftar-ke-kpu-jateng-setelah-salat-asar-aud.jpg'),('10102017001','Bupati Kukar Rita Widyasari Batal Ajukan Praperadilan','<p><br></p><p style=\"color: rgb(74, 74, 74); font-family: AcuminPro, arial, helvetica, sans-serif; font-size: 14px; text-align: start;\"><span style=\"font-weight: 700; color: rgb(246, 118, 56);\">Liputan6.com, Jakarta -</span> Bupati nonaktif Kutai Kartanegara (Kukar) <a href=\"https://news.liputan6.com/read/3121234/rita-widyasari-ditahan-mendagri-siapkan-plt-bupati-kukar\" title=\"Rita Widyasari\" style=\"color: rgb(246, 118, 56);\">Rita Widyasari</a> batal mengajukan permohonan praperadilan atas penetapan tersangka oleh Komisi Pemberantasan Korupsi (KPK). Usai menjalani pemeriksaan <a href=\"https://news.liputan6.com/read/3120554/bupati-kukar-rita-widyasari-bantah-keberadaan-tim-11\" title=\"penyidik KPK\" style=\"color: rgb(246, 118, 56);\">penyidik KPK</a>, Rita sempat ditanya hal tersebut oleh awak media, tapi dia tak menjawabnya.</p><p style=\"color: rgb(74, 74, 74); font-family: AcuminPro, arial, helvetica, sans-serif; font-size: 14px; text-align: start;\">\"Nanti ya, nanti,\" ujar Rita yang langsung masuk ke dalam mobil tahanan di Gedung KPK, Kuningan Persada, Jakarta Selatan, Selasa (10/10/2017).</p><p style=\"color: rgb(74, 74, 74); font-family: AcuminPro, arial, helvetica, sans-serif; font-size: 14px; text-align: start;\">Sedangkan terkait dengan pemeriksaan, Rita mengaku dicecar terkait pemberian izin perkebunan sawit di daerahnya. \"Tadi ditanya seperti soal kronologi peristiwa, soal izin (perkebunan sawit) juga,\" ujar dia.</p><p style=\"color: rgb(74, 74, 74); font-family: AcuminPro, arial, helvetica, sans-serif; font-size: 14px; text-align: start;\">Rita mengaku, selama kurang lebih tujuh jam diperiksa penyidik KPK, dirinya diberikan 12 pertanyaan. \"Tadi pemeriksaan masih awal-awal, pokoknya awal-awal. Tadi sekitar 12 pertanyaan lah,\" kata Rita.</p><p style=\"color: rgb(74, 74, 74); font-family: AcuminPro, arial, helvetica, sans-serif; font-size: 14px; text-align: start;\">Sementara itu, kuasa hukum Rita Noval El mengatakan, kliennya tersebut kelelahan diperiksa berjam-jam oleh penyidik KPK tanpa henti.</p><p style=\"color: rgb(74, 74, 74); font-family: AcuminPro, arial, helvetica, sans-serif; font-size: 14px; text-align: start;\">Dia juga membenarkan bahwa kliennya mengurungkan niat untuk melawan lembaga antirasuah itu. Kliennya memilih untuk mengikuti proses hukum yang dijalankan oleh KPK.</p><p style=\"color: rgb(74, 74, 74); font-family: AcuminPro, arial, helvetica, sans-serif; font-size: 14px; text-align: start;\">\"Enggak mengajukan (praperadilan). Kami ikuti proses perkaranya saja. Jadi tidak ada <a href=\"https://news.liputan6.com/read/3120317/bupati-kukar-rita-widyasari-akan-ajukan-gugatan-praperadilan\" title=\"praperadilan\" style=\"color: rgb(246, 118, 56);\">praperadilan</a>. Klien saya tidak berminat mengajukan. Jadi kami enggak bisa memaksa klien untuk mengajukan praperadilan,\" kata Noval.</p>','2017-10-10 21:25:05','mail.bernand@gmail.com',147,'no','http://news.liputan6.com/read/3124162/bupati-kukar-rita-widyasari-batal-ajukan-praperadilan','Untuk menginformasikan','Pro','Untuk menginformasikan','bupati-kukar-rita-widyasari-batal-ajukan-praperadilan','https://cdn0-a.production.images.static6.com/v-jmEjEWJhR1U4Bpz8ECQHGmIYI=/1280x710/smart/filters:quality(75):strip_icc():format(jpeg)/liputan6-media-production/medias/1735536/original/026961700_1507636975-20171010-Rita-Widyasari-HEL-2.jpg'),('10112017001','Kisah Klasik Penumpang KRL se-Jabodetabek','<div readability=\"260.30228471002\">\n  <strong><a href=\n  \"//tirto.id?utm_source=internal&amp;utm_medium=Article\" style=\n  \"color: inherit; text-decoration: none;\" name=\"readabilityLink-1\"\n  id=\"readabilityLink-1\">tirto.id</a> -</strong> Suara hentakan\n  kaki berderap-derap di lantai dua Stasiun Sudirman, Senin pekan\n  lalu. Mereka berhamburan menuju peron dua stasiun saat\n  pemberitahuan kereta komuter menuju Bogor tiba. Tak sedikit yang\n  rela berlarian meski napas sudah ngos-ngosan. Sesudahnya,\n  mayoritas pekerja kantoran di kawasan Sudirman- Thamrin ini harus\n  berdesak-desakan di dalam kereta.\n  <p>\n    Mereka dalam situasi jam puncak: sejak pukul 5 sore hingga 8\n    malam, puluhan gerbong KRL bakal terus penuh penumpang.\n    Berjejalan.&nbsp;Dorong-mendorong. Teriakan di sana-sini. Penuh\n    keringat. Muka melas. Menjaga gravitasi tanpa pegangan agar tak\n    sempoyongan mengikuti laju KRL dan desakan penumpang lain.\n  </p>\n  <p>\n    Pada jam puncak itulah realitas komuter berada dalam titik\n    paling ekstrem. KRL yang normalnya muat 250 penumpang bisa naik\n    hingga 2 sampai 3 kali lipat. Sesudah karavan manusia yang\n    mengantre di bibir peron terangkut oleh tiga kereta dengan\n    interval tiga menit sekali di Stasiun Sudirman, rombongan\n    penumpang lain di belakang kembali mendesak dan mengisi peron\n    yang semula kosong, dan butuh sekitar 10-an menit\n    lagi&nbsp;KRL&nbsp;tiba menjemput mereka.\n  </p>\n  <p>\n    Bila cuaca hujan, situasinya kacau-balau. Sinyal rusak. Antrean\n    lebih beringas. Gerbong licin.\n  </p>\n  <p>\n    Seluruh tenaga operasional PT Kereta&nbsp;Commuter Indonesia\n    (KCI) yang dikerahkan saban jam puncak harus waspada ekstra.\n    Sesekali ada penumpang yang terjatuh, ada yang keseleo, ada\n    juga yang pingsan. Bila sudah begitu, petugas pos kesehatan\n    harus bekerja sigap.\n  </p>\n  <p>\n    Di antara penumpang itu, saya mengikuti&nbsp;Nurahman. Ia salah\n    satu dari 1 juta penumpang KRL&nbsp;per hari. Kami\n    berdesak-desakan dalam gerbong di Jalur&nbsp;Sudirman-Cakung\n    sepanjang 14,7 kilometer, dengan waktu waktu tempuh&nbsp;45-an\n    menit.\n  </p>\n  <p>\n    Nurahman&nbsp;bekerja di Plaza Indonesia, salah satu pusat\n    belanja paling beken di ibu kota Indonesia, dan ia bergabung\n    dalam komunitas Jalur Bekasi (atau kerap disingkat JB).\n    Mengenakan kemeja kotak-kotak cokelat, Nurahman menyampirkan\n    tas punggung dia di depan dada, khas penumpang kereta komuter\n    se-Jabodetabek.\n  </p>\n  <p>\n    Ia bicara panjang lebar soal pengalamannya sebagai komuter\n    selama setahun terakhir.\n  </p>\n  <p>\n    Menurutnya, jarak tempuh Sudirman-Manggarai&nbsp;bisa 6-8\n    menit. Tetapi, bila ada gangguan, waktu tempuhnya bisa sampai\n    satu jam. Biasanya kereta komuter menuju Manggarai tertahan di\n    tiga titik: di samping halte Busway, di bekas Stasiun Mampang,\n    dan terakhir di areal perumahan warga.\n  </p>\n  <p>\n    Nurahman berkata Jalur Bekasi terkenal paling \"menyiksa\" di\n    antara jalur komuter lain. Muasalnya, trek ini harus berbagi\n    dengan kereta jarak jauh antar-provinsi seperti Jakarta-Solo,\n    yang bikin KRL—yang memang disetel untuk berhenti jarak\n    pendek—harus mengalah sehingga bikin waktu perjalanannya\n    bertambah.\n  </p>\n  <p>\n    Kondisi itu bakal lebih parah jika para komuter pulang di atas\n    pukul 7 malam. Di jam-jam itu kereta jarak jauh sering melaju.\n    Kereta-kereta ini diberi prioritas di Stasiun Jatinegara, di\n    bekas Stasiun Cipinang, dan Stasiun&nbsp;Cakung.\n  </p>\n  <p>\n    \"Kalau sudah berhenti di Cipinang, kita masuk sel,\" kata\n    Nurahman, akhir Oktober lalu, kepada saya.&nbsp;\n  </p>\n  <p>\n    \"Masuk sel\" adalah istilah komunitas komuter untuk KRL yang\n    lajunya dihentikan seketika, bisa lima menit sampai setengah\n    jam, untuk didahului oleh kereta-kereta jarak jauh.\n  </p>\n  <p>\n    <strong>Baca juga:&nbsp;<a href=\n    \"https://tirto.id/jalur-jalur-krl-paling-rumit-di-dunia-cy78\"\n    target=\"_blank\" rel=\"noopener\" style=\n    \"color: inherit; text-decoration: none;\" name=\n    \"readabilityLink-2\" id=\"readabilityLink-2\">Jalur-Jalur KRL\n    Paling Rumit di Dunia</a></strong><br>\n  </p>\n  <h2>\n    Penumpang Pingsan\n  </h2>Berdasarkan data dari PT Kereta Api Indonesia Daerah Operasi\n  1 Jakarta, setiap hari ada 118 kereta jarak jauh dan 28 kereta\n  barang dari 360 kereta yang melintasi Stasiun Cakung. Artinya\n  setiap hari, kereta komuter berbagi jalur dengan sejumlah\n  angkutan kereta lain tersebut.\n  <p>\n    Persoalan bertambah lagi ketika kereta komuter pagi yang\n    berangkat pertama dari Stasiun Cikarang. Butuh waktu 30 menit\n    untuk mencapai Stasiun Bekasi. Bahkan sangat sering para\n    penumpang dari Stasiun Kranji, Cakung, dan Klender Baru tak\n    bisa diangkut ke Manggarai karena di Stasiun&nbsp;Cibitung,\n    Tambun, dan Bekasi Timur sudah padat penumpang.&nbsp;\n  </p>\n  <p>\n    Kepadatan kereta komuter memang lebih parah di pagi hari. Semua\n    pekerja kantor memiliki jadwal masuk yang sama, sekitar pukul\n    8-9 pagi. Pada pukul 6-8 pagi, penumpang membeludak saban hari\n    di Manggarai, stasiun transit dari banyak jalur KRL. Mereka\n    yang pindah dari Bekasi ke Sudirman, Jakarta Kota, Bogor,\n    Tangerang, Duri, dan Cikarang harus turun di Manggarai.\n  </p>\n  <p>\n    Saya kembali bertemu\n    Nurahman&nbsp;untuk&nbsp;mengikutinya&nbsp;dalam perjalanan\n    pagi dari Depok menuju Sudirman. Kondisinya nyaris sama\n    sebagaimana yang diceritakan Nurahman&nbsp;beberapa waktu lalu.\n  </p>\n  <p>\n    Di dalam gerbong, saya melihat ada seorang ibu paruh baya yang\n    tenggelam di tengah lautan manusia. Cuma terlihat kerudung\n    biru, dan para penumpang lain saling berimpit. Ibu itu, bernama\n    Fatimah, berupaya menggeser badan&nbsp;agar ia bisa sedikit\n    menghirup udara dan tubuhnya tidak tergencet. Ia teriak-teriak\n    agar penumpang di sekitarnya memberi sedikit ruang sembari\n    bilang agar tidak mendorong-dorongnya.\n  </p>\n  <p>\n    Bagi komuter Jalur Bekasi seperti Nurahman, yang&nbsp;berhenti\n    di peron satu saat tiba di Stasiun&nbsp;Manggarai, ia harus\n    menuju peron tujuh untuk KRL tujuan Sudirman. Di momen inilah\n    sebagian penumpang tak peduli atas keselamatan diri sendiri:\n    mereka menerobos pagar pembatas agar segera terangkut.\n  </p>\n  <p>\n    \"Setiap pagi, orang Bekasi olahraga dari ujung ke ujung di\n    Manggarai untuk mendapat kereta ke Sudirman,\" katanya.\n  </p>\n  <p>\n    Di Stasiun Sudirman, saya melihat seorang komuter perempuan\n    yang bersandar di bangku jemuran peron setelah\n    pingsan&nbsp;saking sesaknya lautan manusia.\n  </p>\n  <p>\n    Pantoni, seorang petugas stasiun,&nbsp;mengatakan perempuan\n    tersebut korban ketiga yang pingsan hari ini.&nbsp;\"Tadi ada\n    ibu hamil juga yang pingsan,\" katanya.\n  </p>\n  <p>\n    Ia berkata, jumlah penumpang yang sakit hari ini lebih sedikit\n    dibanding hari kemarin. Pada Selasa, 24 Oktober lalu, ada lima\n    penumpang yang pingsan di Sudirman.&nbsp;\n  </p>\n  <p>\n    “Biasanya stasiun besar ada pos kesehatan,” kata Pantoni.\n  </p>\n  <p>\n    <strong>Baca juga: <a href=\n    \"https://tirto.id/dilema-gerbong-khusus-perempuan-coXw\" target=\n    \"_blank\" rel=\"noopener\" style=\n    \"color: inherit; text-decoration: none;\" name=\n    \"readabilityLink-3\" id=\"readabilityLink-3\">Dilema Gerbong\n    Khusus Perempuan</a></strong>\n  </p>\n  <p>\n    <img src=\n    \"//mmc.tirto.id/image/otf/860x/2017/11/03/Berdesak-Desakan-di-Komuter--INDEPTH--Mojo.jpg\"\n    width=\"860\" alt=\"Infografik HL Indepth Commuter\"><br>\n  </p>\n  <h2>\n    <strong>\'Apa Perlu Saya Bawa&nbsp;<em>Test Pack</em> Setiap\n    Hari?\'</strong>\n  </h2>Bagi Anda yang memakai Jalur Jakarta–Bogor, dan memulainya\n  dari Stasiun Jakarta Kota, Anda sangat mungkin merasakan situasi\n  yang agak lega meski sudah memasuki jam pulang kerja.&nbsp;Namun,\n  setelah kereta melewati tiga stasiun pertama—Jayakarta, Mangga\n  Besar, dan Sawah Besar—Anda sudah mulai merasakan kepadatan yang\n  menyiksa di dalam gerbong. Cerita berikutnya adalah kisah klasik\n  para komuter: menguat-nguatkan&nbsp;perasaan dan kesabaran demi\n  tiba di stasiun tujuan.\n  <p>\n    Di antara penumpang dalam gerbong yang saya temui\n    adalah&nbsp;Fany. karyawan Bank DKI Jakarta&nbsp;ini naik dari\n    Stasiun Juanda&nbsp;menuju lokasi tujuan di Stasiun Universitas\n    Indonesia. Sudah tiga tahun ini ia pergi-pulang dengan KRL. Dan\n    ia, seperti lazimnya cerita para penumpang lain, mengakrabi\n    bermacam gangguan KRL, sehingga pelan-pelan ataupun secara\n    terpaksa sudah dianggap sebagai kenormalan.&nbsp;\n  </p>\n  <p>\n    Misalnya saja, saat kami menaiki KRL&nbsp;yang sama itu, kereta\n    mendadak mogok di antara Stasiun Cawang dan Duren Kalibata,\n    tepat saat pukul 18.10, dan kembali normal setelah lima menit.\n  </p>\n  <p>\n    Di antara jeda itu suasana dalam gerbong sontak riuh. Pendingin\n    udara mati. Para penumpang sigap membuka jendela. Oksigen\n    mendadak menipis. Panas luar biasa. Seorang penumpang, yang\n    berdiri di dekat pintu, sigap membuka pintu darurat agar\n    gerbong tak pengap. Dari pinggiran lintasan kereta, terdengar\n    teriakan seorang pria menawarkan jasa ojek.&nbsp;\n  </p>\n  <p>\n    Penumpang lain yang saya temui bernama Fitriyani. Ia\n    penglaju&nbsp;Jalur Bojonggede-Cikini. Fitriyani tengah hamil\n    lima bulan, dan ia salah satu dari 72 persen penumpang komuter\n    berusia 18-30 tahun. Ia seharusnya menempati&nbsp;bangku\n    prioritas, meski faktanya berbeda.\n  </p>\n  <p>\n    “Saya masih heran, kenapa masih ada yang sering mempertanyakan\n    kehamilan saya tiap meminta bangku prioritas? Apa perlu saya\n    bawa-bawa <em>test pack</em> setiap hari?”&nbsp;&nbsp;\n  </p>\n  <p>\n    <strong>Baca juga:&nbsp;<a href=\n    \"https://tirto.id/empati-di-atas-tempat-duduk-prioritas-krl-b36x\"\n    target=\"_blank\" rel=\"noopener\" style=\n    \"color: inherit; text-decoration: none;\" name=\n    \"readabilityLink-4\" id=\"readabilityLink-4\">Empati di Atas\n    Tempat Duduk Prioritas KRL</a></strong><br>\n  </p>\n  <h2>\n    <strong>Menghindari Jalur Manggarai</strong>\n  </h2>Persoalan utama jalur KRL di Stasiun Manggarai&nbsp;sudah\n  jadi rahasia umum. Dan karena itu para komuter lebih memilih\n  menghindari stasiun transit tersebut.\n  <p>\n    Salah satu dari komuter yang selalu memilih jalur alternatif\n    adalah Tika Oktavia, komuter Jalur Serpong-Jakarta Kota. Ia\n    menghindari Jalur Manggarai demi menghindari antrean masuk\n    stasiun. Ia semula menggunakan jalur Sudimara, Tanah Abang,\n    Manggarai, lantas Jakarta Kota. Tetapi, belakangan, ia lebih\n    memilih menunggu lama di stasiun sehingga perjalanannya kini\n    adalah&nbsp;Sudimara,&nbsp;Tanah Abang, Kampung Bandan, dan\n    Jakarta Kota.&nbsp;\n  </p>\n  <p>\n    Hal serupa diungkapkan Oskandar Bramanto Martha, komuter Jalur\n    Depok. Ia lebih memilih turun di Stasiun Tebet&nbsp;karena\n    kerap kali ia harus menunggu antrean 5 hingga 15 menit\n    di&nbsp;Manggarai&nbsp;demi kereta jarak jauh melintasi lebih\n    dulu.\n  </p>\n  <p>\n    Momok stasiun Manggarai sebenarnya sudah jadi perhatian\n    Kementerian Perhubungan. Dan saat ini Stasiun\n    Manggarai&nbsp;dalam tahap pembangunan 12 jalur lintasan. Enam\n    lintasan di lantai pertama, enam lintasan di lantai dua.\n  </p>\n  <p>\n    Selain itu ada jalur penyeberangan bawah tanah, yang sudah\n    dibuka meski belum rampung benar karena sebagian tangga untuk\n    eskalator belum ada. Terowongan ini dibuat demi memudahkan\n    komuter saat ada kereta transit menutupi peron\n    lain.&nbsp;Manggarai juga diplot oleh manajemen PT\n    KCI&nbsp;sebagai hub kereta Bandara dan LRT.&nbsp;\n  </p>\n  <p>\n    “Kuncinya di Stasiun Manggarai. Kalau stasiun selesai pada\n    2019, permasalahan antrean masuk bisa selesai,” kata Nurahman.\n  </p>\n  <p>\n    <iframe src=\"https://www.youtube.com/embed/Gb2HiEGRiRs\" width=\n    \"560\" height=\"315\" allowfullscreen=\"allowfullscreen\"\n    frameborder=\"0\">\n  </p>\n  <p>\n    Baca juga artikel terkait <a href=\n    \"https://tirto.id/q/krl-bMm?utm_source=internal&amp;utm_medium=lowkeyword\"\n    style=\"color: inherit; text-decoration: none;\" name=\n    \"readabilityLink-5\" id=\"readabilityLink-5\">KRL</a> atau tulisan\n    menarik lainnya <a href=\n    \"https://tirto.id/author/rejahidayat?utm_source=internal&amp;utm_medium=lowauthor\"\n    style=\"color: inherit; text-decoration: none;\" name=\n    \"readabilityLink-6\" id=\"readabilityLink-6\">Reja Hidayat</a><br>\n  </p>\n  <p>\n    (tirto.id - rej/fhr)\n  </p><br>\n  <strong>Laporan 1:</strong> Kisah Klasik Penumpang KRL\n  se-Jabodetabek<br>\n  <strong>Laporan 2:</strong> <a href=\n  \"https://tirto.id/melihat-sistem-sinyal-krl-bekerja-czuz\" class=\n  \"link-bold\" style=\"color: inherit; text-decoration: none;\" name=\n  \"readabilityLink-7\" id=\"readabilityLink-7\">Melihat Sistem Sinyal\n  KRL Bekerja</a><br>\n  <strong>Laporan 3:</strong> <a href=\n  \"https://tirto.id/penyelesaian-stasiun-manggarai-jadi-kunci-krl-bekasi-bogor-czus\"\n  class=\"link-bold\" style=\"color: inherit; text-decoration: none;\"\n  name=\"readabilityLink-8\" id=\"readabilityLink-8\">\"Penyelesaian\n  Stasiun Manggarai Jadi Kunci KRL Bekasi &amp; Bogor\"</a><br>\n  <strong>Laporan 4:</strong> <a href=\n  \"https://tirto.id/penumpang-krl-mengeluh-pt-kci-menjawab-dengan-bantuan-sistem-czuv\"\n  class=\"link-bold\" style=\"color: inherit; text-decoration: none;\"\n  name=\"readabilityLink-9\" id=\"readabilityLink-9\">Penumpang KRL\n  Mengeluh, PT KCI Menjawab dengan Bantuan Sistem</a><br>\n  <strong>Laporan 5:</strong> <a href=\n  \"https://tirto.id/komunitas-krl-dari-sebutan-jalur-jomblo-sampai-dapat-jodoh-czuy\"\n  class=\"link-bold\" style=\"color: inherit; text-decoration: none;\"\n  name=\"readabilityLink-10\" id=\"readabilityLink-10\">Komunitas KRL:\n  dari Sebutan \'Jalur Jomblo\' sampai Dapat Jodoh</a><br>\n  <strong>Laporan 6:</strong> <a href=\n  \"https://tirto.id/jalur-krl-dari-angkut-hasil-kebun-berkembang-angkut-1-juta-manusia-czuT\"\n  class=\"link-bold\" style=\"color: inherit; text-decoration: none;\"\n  name=\"readabilityLink-11\" id=\"readabilityLink-11\">Jalur KRL: Dari\n  Angkut Hasil Kebun Berkembang Angkut 1 Juta Manusia</a><br>\n</div>\n<div id=\"readability-footnotes\"></div>','2017-11-10 11:26:57','bernandotorrez4@gmail.com',22,'no','https://tirto.id/kisah-klasik-penumpang-krl-se-jabodetabek-czuA','untuk menginformasikan kepada teman  teman','Pro','geser dikit josssssssssssssssssssssssssssssssssss','kisah-klasik-penumpang-krl-se-jabodetabek','https://mmc.tirto.id/image/share/fb/2017/11/02/Dinamika-Commuter-Line-2--tirto.id-Mic.JPG'),('10112017002','Siapa Pahlawan RI Zaman Now Versi Sri Mulyani? \nLiputan6.com','<div data-component-name=\n\"desktop:read-page:article-content-body:section:text\" readability=\n\"128\">\n  <p>\n    Hari ini, 10 November 2017, Indonesia kembali memperingati Hari\n    Pahlawan. Banyak cara bisa dilakukan untuk mengenang jasa para\n    pahlawan.\n  </p>\n  <p>\n    Salah satunya,&nbsp;dengan memasukkan gambar mereka dalam mata\n    uang negara ini. Beberapa wajah pahlawan, bisa dilihat saat\n    kita bertransaksi menggunakan rupiah. Harapannya, agar generasi\n    saat ini dan ke depan akan terus mengenang jasa para pahlawan\n    tersebut.\n  </p>\n  <p>\n    Yuk, simak kembali siapa saja para pahlawan yang diabadikan\n    pemerintah dalam mata uang rupiah dalam emisi terbaru yang\n    dirilis tahun lalu, sebagai balasan mengenang jasa mereka.\n    Berikut ulasannya, seperti\n    dirangkum&nbsp;<strong>Liputan6.com</strong>, Jumat\n    (10/11/2017).\n  </p>\n  <p>\n    <strong>Sukarno dan Mohammad Hatta</strong>\n  </p>\n  <p>\n    Gambar dua proklamator Republik Indonesia Sukarno dan Mohammad\n    Hatta terpampang di dalam uang pecahan Rp 100 ribu kertas.\n  </p>\n  <p>\n    Sukarno lahir dengan nama Koesno Sosrodihardjo pada 6 Juni\n    1901. Ia adalah Presiden RI pertama yang menjabat pada 1945\n    hingga 1966.\n  </p>\n  <p>\n    Adapun Mohammad Hatta lahir dengan nama Mohammad Athar pada 12\n    Agustus 1902. Ia adalah Wakil Presiden Indonesia yang pertama.\n  </p>\n  <p>\n    Sukarno dan Hatta adalah tokoh penting dalam kemerdekaan\n    Indonesia. Keduanya memproklamasikan kemerdekaan Indonesia pada\n    17 Agustus 1945.\n  </p>\n  <p>\n    <strong>Djuanda Kartawidjaja</strong>\n  </p>\n  <p>\n    Wajah Djuanda Kartawidjaja&nbsp;menghiasi uang pecahan Rp 50\n    ribu kertas.\n  </p>\n  <p>\n    Dia lahir di Tasikmalaya, Jawa Barat, pada 14 Januari 1911.\n    Berdasarkan Surat Keputusan Presiden RI No 244/1963, Djuanda\n    diangkat sebagai pahlawan kemerdekaan nasional.\n  </p>\n  <p>\n    Selain di rupiah, nama djuanda juga diabadikan sebagai nama\n    bandar udara di Surabaya, Jawa Timur.\n  </p>\n  <p>\n    Sumbangan terbesar dari Perdana Menteri Indonesia ke-10 ini\n    adalah Deklarasi Djuanda tahun 1957 yang menyatakan bahwa laut\n    Indonesia adalah termasuk laut sekitar, di antara dan di dalam\n    kepulauan Indonesia menjadi satu kesatuan wilayah NKRI.\n  </p>\n  <p>\n    <strong>Gerungan Saul Samuel Jozias Ratulangi</strong>\n  </p>\n  <p>\n    Pahlawan nasional yang lebih dikenal dengan nama Sam Ratulangi\n    ini terpampang dalam uang pecahan Rp 20 ribu kertas.\n  </p>\n  <p>\n    Sam Ratulangi dijadikan Pahlawan Kemerdekaan Nasional\n    berdasarkan Surat Keputusan Presiden Republik Indonesia No 590\n    Tahun 1961, tanggal 9 November 1961.\n  </p>\n  <p>\n    Pada masa penjajahan Jepang, Sam Ratulangi diangkat menjadi\n    anggota Panitia Persiapan Kemerdekaan Indonesia. Sesudah Negara\n    RI terbentuk, dirinya diangkat menjadi Gubernur Sulawesi.\n  </p>\n  <p>\n    Ia sangat berjasa dalam perjuangan melawan pembodohan dan\n    kolonialisme Belanda di Manado.\n  </p>\n  <p>\n    <strong>Frans Kaisiepo</strong>\n  </p>\n  <p>\n    Pria kelahiran Biak, Papua, pada 10 Oktober 1921 ini merupakan\n    pahlawan kemerdekaan Indonesia. Wajah dari Frans menghiasi uang\n    pecahan Rp 10 ribu kertas.\n  </p>\n  <p>\n    Penetapan Frans Kaisiepo sebagai pahlawan nasional berdasarkan\n    Keputusan Presiden Nomor 077/TK/1993, tanggal 14 September\n    1993.\n  </p>\n  <p>\n    Saat Belanda akan mendirikan Negara Indonesia Timur, Frans\n    Kaisiepo menentangnya. Bahkan, ia kemudian mengganti nama\n    Netherland Nieuwe Guinea dengan Irian yang merupakan singkatan\n    dan Ikut Republik Indonesia Anti Netherland.\n  </p>\n  <p>\n    Frans Kaisiepo bersama dengan rakyat Biak kemudian terus\n    mengadakan perlawanan menentang Belanda di Irian. Ia kemudian\n    diangkat menjadi gubernur pertama Irian.\n  </p>\n  <p>\n    <strong>Idham Chalid</strong>\n  </p>\n  <p>\n    Idham Chalid merupakan pahlawan dari Kalimantan Selatan.\n    Wajahnya menghiasi uang pecahan Rp 5 ribu kertas.\n  </p>\n  <p>\n    Idham Chalid diangkat menjadi Pahlawan Nasional Indonesia\n    berdasarkan Keppres Nomor 113/TK/Tahun 2011 tanggal 7 November\n    2011.\n  </p>\n  <p>\n    Ia merupakan politikus yang cukup berpengaruh. Idham Chalid\n    menjabat sebagai Wakil Perdana Menteri Indonesia pada kabinet\n    Djuanda.\n  </p>\n  <p>\n    Idham Chalid merupakan tokoh Nahdlatul Ulama (NU). Pada\n    Muktamar NU ke-21, Idham terpilih menjadi ketua umum PBNU. Saat\n    dipercaya menjadi orang nomor satu NU ia masih berusia 34\n    tahun.\n  </p>\n  <p>\n    &nbsp;\n  </p>\n</div>','2017-11-10 11:30:23','bernandotorrez4@gmail.com',14,'no','http://bisnis.liputan6.com/read/3157825/siapa-pahlawan-ri-zaman-now-versi-sri-mulyani?HouseAds&campaign=HariPahlawan_Home_STM','untuk menginformasikan kepada teman  teman','Pro','untuk menginformasikan kepada teman  teman','siapa-pahlawan-ri-zaman-now-versi-sri-mulyani-liputan6com','http://cdn0-a.production.images.static6.com/mVPoezEDynWWizcKouMZiUCd1MM=/673x373/smart/filters:quality(75):strip_icc():format(jpeg)/liputan6-media-production/medias/1703048/original/083968100_1504775439-20170907-Sri-Mulyani-FRR5.jpg'),('10112017003','Sudah 2 Kali Dipanggil, Tapi\nTak Hadir','<div id=\"detikdetailtext\" readability=\"90.401015228426\">\n  <!-- s:pic detail -->\n  <!-- S:read image orientation if potrait load this -->\n  <!-- E:read image orientation if potrait load this -->\n  <!-- e:pic detail -->\n  <b>Jakarta</b> - KPK resmi mengumumkan Setya Novanto sebagai\n  tersangka kasus korupsi e-KTP lagi. Sebelum penetapan tersangka,\n  KPK sudah memanggil Novanto sebanyak dua kali, namun Ketua DPR\n  itu tidak hadir.\n  <p>\n    \"Permintaan keterangan kepada Saudara SN (Setya Novanto)\n    sebanyak dua kali,\" ujar Wakil Ketua KPK Saut Situmorang di\n    kantornya, Jalan Kuningan Persada, Jakarta Selatan, Jumat\n    (10/11/2017).\n  </p>\n  <p>\n    Adapun pemanggilan dilakukan pada 13 dan 18 Oktober 2017. Namun\n    Ketum Partai Golkar itu tidak memenuhi panggilan dengan alasan\n    melakukan dinas.\n  </p><br>\n  \"Yang bersangkutan tidak hadir untuk dimintai keterangan dengan\n  alasan ada pelaksanaan tugas kedinasan,\" jelas Saut.\n  <p>\n    Sebelumnya, pada Juli 2017, KPK menetapkan Novanto sebagai\n    tersangka dalam perkara tersebut. Namun Novanto mengajukan\n    praperadilan di Pengadilan Negeri Jakarta Selatan.\n  </p>\n  <p>\n    Hakim tunggal Cepi Iskandar yang mengadili gugatan praperadilan\n    itu mengabulkan sebagian permohonan Novanto. Status tersangka\n    Novanto pun lepas.\n  </p><br>\n  Vonis praperadilan itu dibacakan pada 29 September 2017. Saat\n  itu, Cepi menyebut KPK tidak bisa menggunakan bukti-bukti pada\n  tersangka sebelumnya untuk menjerat Novanto.\n  <p>\n    Namun KPK kembali mengatur strategi. KPK mengulang proses\n    penyelidikan kasus itu untuk menjerat Novanto.\n  </p>\n  <p>\n    Novanto disangka melanggar Pasal 2 ayat 1 subsider Pasal 3 UU\n    Pemberantasan Tindak Pidana Korupsi <em>juncto</em> Pasal 55\n    ayat 1 ke-1 KUHP. Mantan anggota Komisi II DPR itu disangka\n    melakukan korupsi bersama-sama dengan tersangka lain yang sudah\n    ditetapkan, yaitu Irman, Sugiharto, Andi Agustinus alias Andi\n    Narogong, Anang Sugiana Sudihardjo, dan Markus Nari.<br>\n    <strong>(elz/tor)</strong>\n  </p><!-- POLONG -->\n  <!-- POLONG -->\n</div>','2017-11-10 17:17:35','r10_1234@yahoo.com',22,'no','https://news.detik.com/berita/d-3722169/novanto-tersangka-lagi-kpk-sudah-2-kali-dipanggil-tapi-tak-hadir?_ga=2.33846631.757966567.1510308823-137724731','ingin tahu','Kontra','sudah 2x, 1 lagi dapat piring...\r\ntp kmn gerangan???','sudah-2-kali-dipanggil-tapitak-hadir','https://awsimages.detik.net.id//community/media/visual/2017/11/08/2d52d6b2-f8bb-49a6-b567-eeff6889c9e1_169.jpg?w=650'),('10112017004','\'Kemampuan Kombatan ISIS Asal Indonesia itu Paling Bawah\' -\nTirto.ID','<div readability=\"416.57331179321\">\n  <strong><a href=\n  \"//tirto.id?utm_source=internal&amp;utm_medium=Article\" style=\n  \"color: inherit; text-decoration: none;\" name=\"readabilityLink-1\"\n  id=\"readabilityLink-1\">tirto.id</a> -</strong> \"Macet bikin\n  stres, perang enggak,\" seloroh&nbsp;Umelto Labetubun lewat pesan\n  pendek kepada saya. Kamis sore lalu ia mengeluh saat harus\n  menghadapi kemacetan parah di Jakarta. Sosok yang akrab disapa\n  Alto ini dalam perjalanan ke kantor <em>Tirto</em>.\n  <p>\n    Ia berangkat dari Menteng ke Kemang lewat Jalan Kuningan. Kami\n    sudah ingatkan bahwa pembangunan jalan bawah tanah&nbsp;Mampang\n    akan membuatnya terjebak macet yang bisa bikin senewen siapa\n    pun yang melintas.\n  </p>\n  <p>\n    \"Pakai taksi saja dulu,\" kata Alto. \"Switched to Gojek,\"\n    imbuhnya, 15 menit kemudian.&nbsp;Setiba di Kemang, ia\n    geleng-geleng kepala.&nbsp;\n  </p>\n  <p>\n    Alto lewat akun&nbsp;Facebook-nya sering membagikan informasi\n    orisinal soal apa yang terjadi di Irak. Sudah lebih dari dua\n    tahun ia tinggal di sana. Bekerja sebagai konsultan keamanan\n    membuatnya punya akses dan sering hilir mudik dalam operasi\n    militer dengan pasukan Irak. Ia sudah berkecimpung di bidang\n    ini selama nyaris 17 tahun.\n  </p>\n  <p>\n    Tak hanya Irak, Alto&nbsp;pernah menetap di Afganistan, Yaman,\n    dan Sudan Selatan. Proses panjang ini membuatnya paham soal\n    keruwetan di Timur Tengah saat ini. Berikut petikan wawancara\n    redaksi&nbsp;<em>Tirto</em> dengan Alto.\n  </p>\n  <p>\n    <strong>Posisi ISIS di Irak dan Suriah kini tinggal menunggu\n    waktu, banyak wilayah sudah direbut kembali. ISIS di Marawi\n    juga sudah dikalahkan. Mungkinkah kejadian sama di Timur Tengah\n    dan Marawi&nbsp;terjadi pula di Indonesia?</strong>\n  </p>\n  <p>\n    Marawi punya struktur di situ. Ada kombatan dan konstruksi\n    <i>society</i>-nya juga mendukung karena mereka memang lama\n    berkecimpung dalam konflik. Ya sama seperti Timur Tengah-lah.\n    Ketika hal macam ini nyambung, lalu dideklarasikan, ya jadi\n    mudah. Saya pikir di Indonesia, peluangnya tetap masih ada,\n    tapi sangat kecil.\n  </p>\n  <p>\n    Dulu sebelum ISIS muncul, intelijen&nbsp;menganggap yang masih\n    berbahaya itu Al-Qaeda. Organisasi ini laten, cuci otaknya\n    bagus. Sedangkan ISIS terlalu cepat secara struktur. Struktur\n    dia secara militer gampang <em>dihancurin</em>.\n  </p>\n  <p>\n    Karena melawan struktur itu gampang. Tapi melawan paham itu\n    yang susah. Ke depan, pola Al-Qaeda&nbsp;akan masih tetap sama:\n    mereka tetap memainkan ideologi dan perang taktik asimetris.\n    Beda dari ISIS, yang memainkan ideologi dan penguasaan\n    teritorial, seperti di Marawi, misalnya. Karena itu, ketika\n    ISIS hancur dan Al-Qaeda berkembang lagi di Indonesia,\n    penguasaan teritorial seperti di Marawi sepertinya tidak akan\n    terjadi.\n  </p>\n  <p>\n    <strong>Bagaimana Anda melihat para simpatisan ISIS di\n    Indonesia?</strong>\n  </p>\n  <p>\n    Sebetulnya enggak butuh ISIS. Karena bibit Islam radikal sudah\n    ada sejak lama. Dimulai pada 1942-1956 lewat fase pertama Darul\n    Islam/Tentara Islam Indonesia. Fase kedua, Komando Jihad, tahun\n    1980-an saat mereka kembali dari Perang Afganistan.\n  </p>\n  <p>\n    Dan fase ketiga, ya dimulai dari 1999 sejak konflik Maluku\n    meletus. Bermula dari Laskar Jihad Ahlussunnah wal Jamaah\n    pimpinan Ja\'far Umar Thalib, lalu merembet ke Kompak, Laskar\n    Jundullah, Jamaah Islamiyah, sampai Jamaah Ansharut Daulah\n    (JAD), Jamaah Ansharut Tauhid (JAT), dan Mujahidin Indonesia\n    Timur (MIT), yang <em>booming</em> baru-baru ini.\n  </p>\n  <p>\n    Mereka mendukung ISIS sebetulnya, cuma terlihat biar keren.\n    Pakailah logo tauhid itu. Ya intinya biar lebih\n    mendunia.&nbsp;Di sisi lain, biar mereka bisa mendapatkan dana\n    bantuan dari luar.\n  </p>\n  <p>\n    <strong>Setahu Anda, bagaimana Posisi kombatan Indonesia dalam\n    struktur ISIS di Irak dan Suriah?</strong>\n  </p>\n  <p>\n    Di dalam ISIS itu ada strata. Strata tertinggi itu dari\n    Chechnya karena mereka militan dan punya pengalaman tempur.\n    Kedua dari Eropa.\n  </p>\n  <p>\n    Status kemampuan kombatan Indonesia itu paling bawah, karena\n    secara politik enggak punya gaung internasional. Ada sekitar 40\n    ribu orang pasukan dari hampir 100 negara.\n  </p>\n  <p>\n    Dan posisi simpatisan ISIS dari Cina pun masih jauh punya kasta\n    lebih tinggi daripada kita. Kasta Indonesia itu sama seperti\n    Pakistan, Bangladesh, Sri Lanka. Maka muncul istilah PBSI.\n    Posisi kombatan ISIS Indonesia tidak begitu dihargai di sana.\n  </p>\n  <p>\n    <strong>Kenapa banyak orang tertarik bergabung dengan\n    ISIS?</strong>\n  </p>\n  <p>\n    Sebetulnya banyak orang bergabung bukan karena gaji, tapi\n    karena ideologi. Aku selalu bilang, mereka itu bukan Islam.\n    Tapi ideologi yang ditawarkan ISIS memang membawa-bawa Islam.\n    Ia sebetulnya <i>hijack</i> Islam untuk dipakai menarik\n    dukungan.\n  </p>\n  <p>\n    Lagi pula, korban paling banyak ISIS adalah orang muslim.\n    Masjid juga dirusak lebih banyak daripada jumlah gereja. Di\n    Mosul, gereja malah dipakai untuk racik bahan peledak. Dia\n    pikir gereja oleh (pasukan) koalisi enggak bakalan dibom.\n  </p>\n  <p>\n    Tapi mereka hebat. Terlepas dari benar atau salah, orang-orang\n    ini jenius. Dan kita harus akui itu. Jenius ini dalam artian:\n    <em>pertama</em>, ISIS di Mosul itu punya pabrik bahan peledak\n    yang paling canggih dan besar di dunia. Jadi mereka belajar\n    buat bahan peledak yang tak bisa terdeteksi. Dan ilmu itu\n    begitu dipraktikkan dalam waktu dua minggu sudah tersebar ke\n    mana-mana:&nbsp;Afganistan, Libya, hingga semua daerah\n    kekuasaan mereka.\n  </p>\n  <p>\n    <em>Kedua</em>, propaganda mereka luar biasa. Mereka belajar\n    dari banyak kekurangan Al-Qaeda. Mereka tahu betul ketimbang\n    nonton video ceramah kakek tua macam Ayman al-Zawahiri (penerus\n    kepemimpinan Al-Qaeda setelah Osama bin Laden tewas), orang\n    akan lebih tertarik menonton film propaganda seperti gim perang\n    <i>Call of Duty</i>.\n  </p>\n  <p>\n    Jadi mereka paham psikologi massa. Kenapa mereka paham itu?\n    Karena mereka adalah pentolan-pentolan tentara Saddam Hussein.\n    Di strata paling tinggi ISIS itu hampir 80 persen adalah eks\n    pejabat militer di era Saddam.\n  </p>\n  <p>\n    Mereka bertemu&nbsp;di Kamp Buqqa pada 2003-2004. Abu Bakar\n    al-Baghdadi dan pentolan Saddam ketemu di sana. Di situlah\n    mereka memikirkan bagaimana mengubah <em>franchise</em>\n    Al-Qaeda di Irak menjadi Islamic Istate. Cara jenius pertama\n    yang mereka bikin: mengganti nama Al-Qaeda dengan Islamic\n    State. Karena dengan memakai simbol Islam di situ mereka ingin\n    menampakkan diri universal; beda dari Al-Qaeda.\n  </p>\n  <p>\n    Itulah kenapa aku bilang kadang-kadang kita harus menghargai\n    musuh—dalam tanda kutip—supaya kita bisa ketahui kekurangan dan\n    kelebihannya.\n  </p>\n  <p>\n    Sebetulnya dari pemantauan, kekuatan militer ISIS itu hanya 40\n    persen, 60 persen sisanya kekuatan propaganda. Maka, wajar\n    ketika mereka diserang habis-habisan, ISIS cepat mundur.\n  </p>\n  <p>\n    <strong>Di medan pertempuran apa yang membuat pasukan Irak\n    kesusahan melawan ISIS?</strong>\n  </p>\n  <p>\n    Bom. Saya pernah datang ke sebuah rumah di Daquq, dekat Hawija,\n    <em>base</em> ISIS terakhir di Irak. Di rumah itu dipasang 20\n    bahan peledak. Canggihnya, ada satu bom dipasang di\n    <em>frame</em> foto. Pemicunya kabel kecil, gitu.\n  </p>\n  <p>\n    Saya masih ingat cerita ini. Ada satu rumah. Rumah ini sudah\n    dianggap bersih oleh tentara. Lalu masuklah yang punya rumah.\n    Dua hari kemudian, satu keluarga pemilik rumah itu meninggal\n    semua. Ternyata satu bom dipasang di pipa penyucian air yang\n    tentu saja tak terdeteksi.\n  </p>\n  <p>\n    Mereka memasang detonator di bawah pipa wastafel. Di pipa itu\n    dipasang pelampung yang jadi\n    <em>trigger&nbsp;</em>untuk&nbsp;detonasi. Ketika air menetes,\n    pelampung naik, dan langsung meledak. Canggih.\n  </p>\n  <p>\n    Untungnya, ilmu memasang bom belum sampai ke Indonesia. Kalau\n    apa yang dilakukan simpatisan ISIS di sini kelasnya masih\n    rendahan. Kalau cuma bikin bom itu, kan, anak-anak di Maluku\n    juga jago.\n  </p>\n  <p>\n    Ilmu-ilmu ISIS ini didapat dari mantan-mantan tentara Irak yang\n    bergabung dengan mereka.\n  </p>\n  <p>\n    <strong>Banyak jenderal militer membelot melawan penguasa\n    seperti di Irak juga terjadi di Suriah lewat pasukan pembebasan\n    Suriah (FSA). Anda melihat pola ini rawan terjadi di Indonesia\n    kah?</strong>\n  </p>\n  <p>\n    Kalau menurut aku, kecenderungan itu ada tapi masih sangat\n    kecil. Sebab tentara kita itu tidak homogen. Di Papua,\n    misalnya, ada tentara dari Jawa dan Kalimantan. Begitupun di\n    Jawa; tidak semuanya tentara dari Jawa. Jadi semuanya masih\n    bercampur baur.\n  </p>\n  <p>\n    Tapi, aku pikir, yang mesti diwaspadai adalah bahaya infiltrasi\n    propaganda ISIS bagi orang Indonesia sekarang targetnya bukan\n    sipil, tetapi prajurit TNI dan Polri—itu sasarannya.\n  </p>\n  <p>\n    Kenapa harus TNI dan polisi? Karena yang punya pengetahuan dan\n    akses ke senjata serta bahan peledak itu cuma TNI-Polri. Jadi\n    kenapa pos polisi diserang tapi tentara dipuja-puja itu\n    tujuannya memecah belah. Karena negara ini akan jadi negara\n    kacau kalau TNI dan polisi berkelahi.\n  </p>\n  <p>\n    Kalau misalkan di 4-5 titik lokasi saja polisi dan TNI\n    dipancing berantem, itu bisa pecah merembet ke seluruh\n    indonesia. Jadi jangka pendek <em>hancurin</em> Indonesia ya\n    cuma itu.\n  </p>\n  <p>\n    <strong>Secara kualitas, pasukan Irak itu OK enggak, sih? Mosul\n    direbut ISIS dengan amat mudah dan cepat. Dan saat\n    merebutnya,&nbsp;pasukan Irak butuh waktu dan korban yang\n    begitu banyak.</strong>\n  </p>\n  <p>\n    Ah parah. Mereka itu enggak punya nasionalisme, jadi saling\n    serang. Ego divisi dan ego batalion begitu tinggi. Antara\n    tentara dan polisi. Pasukan elite&nbsp;ISF (Iraq\n    Special&nbsp;Operations&nbsp;Forces) dan Federal Police. Aku\n    pernah diantar satu jenderal lewati <i>check point</i> yang\n    dijaga kopral dari ISF. Enggak dikasih lewat. Padahal\n    pangkatnya Jenderal, lho.\n  </p>\n  <p>\n    Mereka itu saling berantem, jadi kualitasnya parah, <i>fighting\n    spirit</i> parah; beda jauhlah sama kita.\n  </p>\n  <p>\n    Dan sekarang, akhirnya, mereka pecah. Prediksi aku, kemungkinan\n    besar Irak terpecah jadi 3-4 negara. Kelompok selatan yang\n    didominasi Syiah kemungkinan jadi 1-2 negara. Di tengah, di\n    sekitar&nbsp;Provinsi Anbar, Nineveh, dan Salahudin yang\n    mayoritas Sunni jadi satu. Dan di utara, yang dikuasai Kurdi,\n    kemungkinan bisa jadi dua negara.\n  </p>\n  <p>\n    Perpecahan ini menurutku bukan hal luar biasa. Karena konsep\n    demokrasi tidak bisa diterapkan di Timur Tengah.\n    Pondasinya&nbsp;enggak ada. Dialog dari bawah ke atas itu\n    enggak ada. Semua orang ingin pertahankan kekuatan mereka, dan\n    menekan orang lain.\n  </p>\n  <p>\n    Kalau kita perhatikan di Timur Tengah, perubahan kepemimpinan\n    itu cuma dua: bapak ke anak atau revolusi. Tidak ada namanya\n    mengundurkan diri. Contohnya Ali Abdullah Saleh di Yaman: dia\n    mundur tapi sekarang balik lagi. Atau Masoud Barzani, Presiden\n    Irak-Kurdi, baru-baru ini memutuskan mundur.\n  </p>\n  <p>\n    <strong>Apa yang sebetulnya terjadi di Timur Tengah?</strong>\n  </p>\n  <p>\n    Jadi salahnya kita terlalu melihat segala sesuatu sebagai\n    agama. Bagi aku, orang-orang itu harus pergi ke sana, oh\n    ternyata di sana bukan agama lagi. Karena perang terjadi\n    antarsesama orang muslim, sesama orang Arab. Harus dibedah lagi\n    <em>interest</em> mereka untuk perang itu apa. Jawaban yang aku\n    dapat: mereka perang untuk pertahankan kekuasaan dari klan dan\n    keluarga.\n  </p>\n  <p>\n    Jadi, kalau pernah pergi ke sana pasti bingung karena nuansanya\n    sungguh enggak Islami. Gadis-gadis banyak yang\n    enggak&nbsp;jilbaban, merokok di depan kita. Teman-temanku\n    orang Irak, enggak ada yang puasa. Jadi sebetulnya isu agama\n    bukan isu penting di Timur Tengah.\n  </p>\n  <p>\n    Bagi kita masih seksi. Padahal Timur Tengah udah berubah, mau\n    jadi lebih terbuka. Kita malah mau jadi tertutup dan lebih\n    anti-kebhinekaan.\n  </p>\n  <p>\n    <strong>Apa yang dilihat dari seorang anak Ambon yang punya\n    pengalaman berkonflik seperti Anda terhadap konflik Timur\n    Tengah?</strong>\n  </p>\n  <p>\n    Karena pengalaman konflik Ambon, aku lebih terbuka lihat\n    perbedaan. Kalau menurut aku, perubahan di Timur Tengah memang\n    sudah saatnya, dengan atau tanpa konflik. Timur Tengah itu\n    terlalu protektif. Karena <i>interest</i>-nya adalah menjaga\n    kepentingan keluarga penguasa. Negara di Timur Tengah terutama\n    negara Arab itu dipimpin satu keluarga saja, enggak ada yang\n    lain. Orang lain enggak boleh masuk.\n  </p>\n  <p>\n    Zaman dulu, mereka masih bisa kontrol semua, termasuk\n    informasi. Mungkin seperti kita di zaman Soeharto lewat UU\n    subversif. Tapi sekarang, kan, info enggak bisa dikontrol.\n    Dibendung satu <i>channel</i>, orang bisa pakai VPN\n    <i>(</i>Virtual Private Network<i>)</i>.\n  </p>\n  <p>\n    Jadi, ada perubahan paradigma dari generasi muda untuk ingin\n    berubah dengan <em>role model</em>,&nbsp;baik positif atau\n    negatif, dari negara lain, seperti negara Eropa dan Asia,\n    mungkin. Keinginan perubahan ini tidak bisa dibendung. Itu\n    sebabnya Arab Saudi berubah. Tahun lalu di Saudi, perempuan\n    bisa ikut pemilu. Tahun depan sudah boleh bawa mobil sendiri.\n    Perubahan ini-itu enggak bisa dibendung lagi. Susah karena\n    informasi itu alat propaganda paling kuat, kecuali kalau mereka\n    mau jadi negara isolasi total seperti Korea Utara.\n  </p>\n  <p>\n    <strong>Sudah hampir 6 tahun sejak Arabian Spring meletus. Dan\n    konflik di beberapa negara seperti Libya, Yaman, dan Suriah tak\n    kunjung reda. Orang-orang di sana selama ini memandang Arabian\n    Spring seperti apa?</strong>\n  </p>\n  <p>\n    Sebetulnya, orang-orang lokal, khususnya akar rumput menengah\n    ke bawah, rata-rata tak memikirkan itu. Seperti Yaman,\n    misalnya, yang paling berdarah. Kebetulan aku di Yaman pada\n    2011 saat Arabian Spring terjadi. Orang Yaman itu sekarang\n    lebih memikirkan bagaimana dia bisa hidup.\n  </p>\n  <p>\n    Memang pada 2011 ada semangat mengganti Abd Rabbuh Mansur Hadi.\n    Turun rezim diharapkan kondisi negara makin positif. Namun\n    kenyataannya tidak. Mereka menyesal karena konflik terjadi.\n    Penduduk Yaman menyesal mereka merasa dikucilkan dan\n    ditelantarkan dunia internasional.\n  </p>\n  <p>\n    Kebingungan dan perpecahan ini sama seperti saat kita menuntut\n    Soeharto turun. Tapi setelah turun, hari berikutnya bingung.\n    Terlihat negara terpecah jadi banyak kubu. Ada kubu Habibie,\n    ada kubu Amien Rais, dan kubu lain.\n  </p>\n  <p>\n    Kondisi keruwetan Arabian Spring ini juga sebetulnya mirip\n    seperti 1998 di Indonesia. Yang buat kita tidak konflik itu\n    karena kita tidak punya senjata. Proliferasi senjata itu enggak\n    banyak di sini. Bayangkan di Yaman: 58 per 100 orang itu punya\n    senjata. Di Irak: hampir 35 persen punya senjata.\n  </p>\n  <p>\n    Yang kedua, kita negara kepulauan, jadi pergerakan orang dari\n    satu pulau ke pulau lain masih bisa dikontrol. Harus terbang\n    atau pakai kapal. Dua hal ini membuat kita masih diselamatkan.\n  </p>\n  <p>\n    Ketiga, nasionalisme kita masih kuat. Kita masih bisa mau mati\n    untuk negara; di Timur Tengah, susah. Contoh, penguasa Uni\n    Emirat Arab itu paspampres-nya saja mantan Blackwater (pasukan\n    bayaran). Ini dilakukan karena mereka tidak percaya sama\n    tentaranya sendiri.\n  </p>\n  <p>\n    <strong>Bagaimana Anda melihat Suriah ke depan\n    pasca-Raqqa&nbsp;yang sudah direbut kembali dari ISIS?</strong>\n  </p>\n  <p>\n    Suriah enggak kembali seperti dulu. Secara <i>de facto</i>\n    sudah ada dua negara. Sudah ada demarkasi: sisi Sungai Efrat\n    bagian barat dan timur. Barat dikuasai pemerintah Suriah,\n    Rusia. Sisi timur dikuasai Kurdi, AS.\n  </p>\n  <p>\n    Menurutku, AS dan Rusia sudah bicara. OK, perang kita jaga\n    sampai sini. Kesepakatannya,&nbsp;Bashar al-Assad tetap jadi\n    presiden, tapi AS tetap mengontrol wilayah mereka dan tak\n    saling ganggu.\n  </p>\n  <p>\n    <strong>Pekerjaan Anda sebagai konsultan keamanan sebetulnya\n    apakah menuntut peran tersembunyi, menghindari publisitas,\n    misalnya?</strong>\n  </p>\n  <p>\n    Sebetulnya aku baru mulai menulis cerita-ceritaku di Facebook\n    dan jadi viral itu bulan Mei kemarin. Pas posting gambar dari\n    Mosul. Selama ini sebelumnya aku enggak pernah bicarakan soal\n    pekerjaanku di depan publik. Cuma aku pikir saat ini Indonesia\n    sudah darurat setelah gaduh-gaduh apa yang terjadi di Pilkada\n    Jakarta.\n  </p>\n  <p>\n    Jadi, yang ceritaku dari Mosul&nbsp;adalah bagian dari\n    kontribusilah sebagai anak negeri. Paling tidak, aku bisa\n    berbagi cerita dan pengalaman langsung dari lapangan, apa yang\n    sebetulnya terjadi di Timur Tengah.\n  </p>\n  <p>\n    Bekerja di negara konflik menurutku biasa saja. Toh kalau soal\n    ancaman sih di mana-mana sama. Bagiku ancaman terbesar di\n    Jakarta bukan terorisme, tapi kecelakaan berkendara bermotor.\n    Kemungkinan kita mati karena bom dan ditabrak ojek jauh lebih\n    tinggi ditabrak ketimbang bom. Hehehe.\n  </p>\n  <p>\n    Aku udah 17 tahun bekerja di bidang ini. Paling tidak\n    mengertilah yang mana mesti dilakukan dan enggak. Tapi risiko\n    kalau buat aku paling tinggi itu kena bom dan diculik. Kalau\n    saat perang ya gampang. Kita bisa tahu ketika dengar bunyi\n    peluru, pasti paham dari mana trayektori peluru berasal hingga\n    bisa berpikir proses mitigasi.\n  </p>\n  <p>\n    Tapi jujur saja, lebih enak tinggal di Mosul ketimbang Jakarta,\n    enggak ada macet!\n  </p>\n  <p>\n    Baca juga artikel terkait <a href=\n    \"https://tirto.id/q/isis-cm?utm_source=internal&amp;utm_medium=lowkeyword\"\n    style=\"color: inherit; text-decoration: none;\" name=\n    \"readabilityLink-2\" id=\"readabilityLink-2\">ISIS</a> atau\n    tulisan menarik lainnya <a href=\n    \"https://tirto.id/author/aqwamhanifan?utm_source=internal&amp;utm_medium=lowauthor\"\n    style=\"color: inherit; text-decoration: none;\" name=\n    \"readabilityLink-3\" id=\"readabilityLink-3\">Aqwam Fiazmi\n    Hanifan</a><br>\n  </p>\n  <p>\n    (tirto.id - wam/fhr)\n  </p><br>\n  <strong>Laporan 1:</strong> <a href=\n  \"https://tirto.id/ujung-nasib-minhati-madrais-perempuan-bekasi-istri-panglima-maute-czM7\"\n  class=\"link-bold\" style=\"color: inherit; text-decoration: none;\"\n  name=\"readabilityLink-4\" id=\"readabilityLink-4\">Ujung Nasib\n  Minhati Madrais, Perempuan Bekasi, Istri Panglima Maute</a><br>\n  <strong>Laporan 2:</strong> <a href=\n  \"https://tirto.id/ancaman-terorisme-pasca-isis-marawi-bagi-indonesia-czM8\"\n  class=\"link-bold\" style=\"color: inherit; text-decoration: none;\"\n  name=\"readabilityLink-5\" id=\"readabilityLink-5\">Ancaman Terorisme\n  Pasca-ISIS Marawi bagi Indonesia</a><br>\n  <strong>Laporan 3:</strong> <a href=\n  \"https://tirto.id/dendam-keluarga-yang-disuburkan-oleh-perang-marawi-czM9\"\n  class=\"link-bold\" style=\"color: inherit; text-decoration: none;\"\n  name=\"readabilityLink-6\" id=\"readabilityLink-6\">Dendam Keluarga\n  yang Disuburkan oleh Perang Marawi</a><br>\n  <strong>Laporan 4:</strong> \"Kemampuan Kombatan ISIS Asal\n  Indonesia itu Paling Bawah\"<br>\n</div>\n<div id=\"readability-footnotes\"></div>','2017-11-10 21:26:35','mail.ayoklarifikasi@gmail.com',15,'no','https://tirto.id/kemampuan-kombatan-isis-asal-indonesia-itu-paling-bawah-czNa','Untuk menginformasikan kepada teman - teman','Pro','Untuk menginformasikan kepada teman - teman','kemampuan-kombatan-isis-asal-indonesia-itu-paling-bawah--tirtoid','https://mmc.tirto.id/image/share/fb/2017/11/08/alto.jpg'),('11092017001','Minat Jadi PNS? Siap-siap Ditugaskan ke Pelosok','<p><br><b style=\"text-rendering: optimizeLegibility; -webkit-font-smoothing: antialiased; color: rgb(45, 45, 45); font-family: helvetica, arial, sans-serif; text-align: left;\">Jakarta</b><span style=\"color: rgb(45, 45, 45); font-family: helvetica, arial, sans-serif; text-align: left;\">&nbsp;- Kementerian Pendayagunaan Aparatur Negara dan Reformasi Birokrasi (PAN-RB) telah mengumumkan pembukaan lowongan Calon Pegawai Negeri Sipil (CPNS) tahun 2017. Di gelombang dua ini, ada 17.928 lowongan CPNS yang dibuka.</span><br style=\"text-rendering: optimizeLegibility; -webkit-font-smoothing: antialiased; color: rgb(45, 45, 45); font-family: helvetica, arial, sans-serif; text-align: left;\"><br style=\"text-rendering: optimizeLegibility; -webkit-font-smoothing: antialiased; color: rgb(45, 45, 45); font-family: helvetica, arial, sans-serif; text-align: left;\"><span style=\"color: rgb(45, 45, 45); font-family: helvetica, arial, sans-serif; text-align: left;\">Kepala Biro Hukum, Komunikasi dan Informasi Publik Kementerian PAN-RB, Herman Suryatman, mengatakan meski pembukaan pendaftaran dilakukan di instansi pemerintah pusat, namun soal penempatan tugas bisa di berbagai wilayah di Indonesia.</span><br style=\"text-rendering: optimizeLegibility; -webkit-font-smoothing: antialiased; color: rgb(45, 45, 45); font-family: helvetica, arial, sans-serif; text-align: left;\"><br style=\"text-rendering: optimizeLegibility; -webkit-font-smoothing: antialiased; color: rgb(45, 45, 45); font-family: helvetica, arial, sans-serif; text-align: left;\"><span style=\"color: rgb(45, 45, 45); font-family: helvetica, arial, sans-serif; text-align: left;\">\"Yang namanya Aparatur Sipil Negara (ASN), Pegawai Negeri Sipil (PNS) itu harus siap ditempatkan di mana saja. Termasuk kalau itu dibutuhkan di pelosok. Dia (PNS) harus siap ditempatkan di mana saja di wilayah Indonesia,\" sebut dia, saat dihubungi&nbsp;</span><strong style=\"text-rendering: optimizeLegibility; -webkit-font-smoothing: antialiased; color: rgb(45, 45, 45); font-family: helvetica, arial, sans-serif; text-align: left;\">detikFinance</strong><span style=\"color: rgb(45, 45, 45); font-family: helvetica, arial, sans-serif; text-align: left;\">, Senin (11/9/2017).</span><br style=\"text-rendering: optimizeLegibility; -webkit-font-smoothing: antialiased; color: rgb(45, 45, 45); font-family: helvetica, arial, sans-serif; text-align: left;\"><br style=\"text-rendering: optimizeLegibility; -webkit-font-smoothing: antialiased; color: rgb(45, 45, 45); font-family: helvetica, arial, sans-serif; text-align: left;\"><span style=\"color: rgb(45, 45, 45); font-family: helvetica, arial, sans-serif; text-align: left;\">Herman menyebut, memang sejumlah kementerian dan lembaga memerlukan PNS untuk bertugas di sejumlah tempat terpencil. Hal itu berkenaan dengan fungsi dan tugas dari masing-masing kementerian dan lembaga.</span><br style=\"text-rendering: optimizeLegibility; -webkit-font-smoothing: antialiased; color: rgb(45, 45, 45); font-family: helvetica, arial, sans-serif; text-align: left;\"><br style=\"text-rendering: optimizeLegibility; -webkit-font-smoothing: antialiased; color: rgb(45, 45, 45); font-family: helvetica, arial, sans-serif; text-align: left;\"><span style=\"color: rgb(45, 45, 45); font-family: helvetica, arial, sans-serif; text-align: left;\">\"Memang kan seperti Kementerian Keuangan itu butuh petugas pajak di kantor-kantor wilayah. Kemudian ada petugas teknis seperti penjaga menara pengawas (Mercusuar) di Kementerian Perhubungan. Kementerian ESDM ada jabatan untuk mengawas gunung berapi. Itu contoh saja. Tapi artinya harus siap ditempatkan di mana saja,\" tandas dia.</span><br style=\"text-rendering: optimizeLegibility; -webkit-font-smoothing: antialiased; color: rgb(45, 45, 45); font-family: helvetica, arial, sans-serif; text-align: left;\"><br style=\"text-rendering: optimizeLegibility; -webkit-font-smoothing: antialiased; color: rgb(45, 45, 45); font-family: helvetica, arial, sans-serif; text-align: left;\"><span style=\"color: rgb(45, 45, 45); font-family: helvetica, arial, sans-serif; text-align: left;\">Seperti diketahui, mulai hari ini, masyarakat bisa mulai mendaftar lowongan CPNS di 61 instansi yang terdiri dari 60 kementerian/lembaga dan 1 pemerintah provinsi, yakni Kalimantan Utara.</span><br style=\"text-rendering: optimizeLegibility; -webkit-font-smoothing: antialiased; color: rgb(45, 45, 45); font-family: helvetica, arial, sans-serif; text-align: left;\"><br style=\"text-rendering: optimizeLegibility; -webkit-font-smoothing: antialiased; color: rgb(45, 45, 45); font-family: helvetica, arial, sans-serif; text-align: left;\"><span style=\"color: rgb(45, 45, 45); font-family: helvetica, arial, sans-serif; text-align: left;\">Total, ada 17.928 lowongan CPNS yang dibuka kali ini. 17.428 untuk mengisi jabatan di Kementerian/Lembaga dan 500 lowongan untuk mengisi jabatan di Pemerintah Provinsi Kalimantan Utara.&nbsp;</span><strong style=\"text-rendering: optimizeLegibility; -webkit-font-smoothing: antialiased; color: rgb(45, 45, 45); font-family: helvetica, arial, sans-serif; text-align: left;\">(dna/wdl)</strong><br></p>','2017-09-11 14:24:32','bernandotorrez4@gmail.com',300,'no','https://finance.detik.com/berita-ekonomi-bisnis/d-3637553/minat-jadi-pns-siap-siap-ditugaskan-ke-pelosok?_ga=2.97124511.1267425846.1505052387-21413236','Untuk menginformasikan','Pro','komentar saya\r\n','minat-jadi-pns-siap-siap-ditugaskan-ke-pelosok','https://usimages.detik.com/community/media/visual/2017/09/05/6b0261a9-8e55-4d07-ad8e-8d8d48589d1e_169.jpg?w=780&q=90'),('11112017001','Kertas Aluminium Bisa Perkuat Sinyal Wifi: Begini Caranya -\nTekno Tempo.co','<p>\n  Ilustrasi WiFi. telegraph.co.uk\n</p>\n<div id=\"isi\" readability=\"49.182561307902\">\n  <p>\n    <strong>TEMPO.CO, Jakarta</strong> - Merasa <a href=\n    \"https://www.google.co.id/url?sa=t&amp;rct=j&amp;q=&amp;esrc=s&amp;source=web&amp;cd=1&amp;cad=rja&amp;uact=8&amp;ved=0ahUKEwj2gIS15LPXAhUIyLwKHSqcAkEQFggmMAA&amp;url=https%3A%2F%2Fdunia.tempo.co%2Fread%2F743167%2Fsinyal-wifi-masalah-utama-obama-di-gedung-putih&amp;usg=AOvVaw12cyfgwba0pApse8Fm3Ccg\"\n    target=\"_blank\" rel=\"noopener\" style=\n    \"color: inherit; text-decoration: none;\" name=\n    \"readabilityLink-1\" id=\"readabilityLink-1\">sinyal wifi</a> di\n    rumah sangat jelek dan hanya bagus di salah satu ruangan saja?\n    Jika ya, jangan menyalahkan jasa pelayanan Internet atau\n    langsung mengganti mesinnya. Ternyata masalah ini bisa diatasi\n    oleh bahan sederhana: kertas aluminim.\n  </p>\n  <p>\n    Seperti dilansir laman <em>EurekAlert</em>, ilmuwan melaporkan\n    bahwa para periset di Dartmouth College di New Hampshire,\n    Amerika Serikat, telah menemukan bahwa reflektor sinyal yang\n    dicetak 3D. Bahannya lapisan tipis logam dan plastik alias\n    kerta alumunium. Bahan ini secara drastis dan murah memperbaiki\n    sinyal wifi atau nirkabel di sekitar rumah.\n  </p>\n  <p>\n    Percobaan ini didasarkan pada ide untuk menggunakan soda\n    aluminium di balik router agar bisa mengarahkan sinyal menjauh\n    dari dinding yang bisa mematikan sinyal serta penghalang\n    lainnya. Tim peneliti tersebut menganalisa sebuah ruang dan\n    membuat reflektor buatan yang akan mengoptimalkan sinyal wifi\n    di ruangan itu.\n  </p>\n  <p>\n    Para peneliti kemudian memasukkan data mereka ke dalam program\n    buatan yang disebut WiPrint yang merancang reflektor plastik\n    yang optimal. Langkah terakhir adalah menutup benda tersebut\n    dengan aluminium foil dan letakkan di router. Anda dapat\n    melihat demonstrasi di video di bawah ini:\n  </p>\n  <p>\n    <iframe src=\"https://www.youtube.com/embed/1KVBFtSuCm0\" width=\n    \"440\" height=\"360\" frameborder=\"0\" allowfullscreen=\n    \"allowfullscreen\">\n  </p>\n  <p>\n    Solusi ini dapat memecahkan beberapa masalah pada sinyal Wifi.\n    Yang jelas Anda harus punya mesin cetak 3D, yang hanya\n    menghabiskan dana sekitar Rp 475 ribu. Harga antena pelancar\n    sinyal harganya jauh lebih mahal dari itu.\n  </p>\n  <p>\n    Tidak hanya memastikan Anda memiliki sinyal di kamar yang Anda\n    butuhkan, tapi ini memungkinkan Anda memotong sinyal di tempat\n    yang tidak Anda inginkan, seperti keamanan dari pencuri data,\n    atau mencegah tetangga (dan orang asing) tidak dapat mengakses\n    jaringan Anda.\n  </p>\n  <p>\n    Langkah selanjutnya untuk tim adalah mencari cara merancang\n    reflektor yang terbuat dari bahan yang berbeda dari plastik\n    cetak 3D. Idenya adalah untuk membuat objek yang benar-benar\n    bisa berubah bentuk jika tata letak ruangan berubah. Ini\n    mungkin tidak memperluas area jangkauan router sinyal, namun\n    akan memastikan bahwa Anda akan mendapatkan sinyal yang lebih\n    kuat di area yang paling didambakan.\n  </p>\n  <p>\n    Simak artikel menarik lainnya tentang <a href=\n    \"https://www.tempo.co/tag/sinyal-wifi\" target=\"_blank\" rel=\n    \"noopener\" style=\"color: inherit; text-decoration: none;\" name=\n    \"readabilityLink-2\" id=\"readabilityLink-2\">sinyal wifi</a>\n    hanya di kanal <a href=\"https://tekno.tempo.co/\" target=\n    \"_blank\" rel=\"noopener\" style=\n    \"color: inherit; text-decoration: none;\" name=\n    \"readabilityLink-3\" id=\"readabilityLink-3\"><em>Tekno\n    Tempo.co</em></a>.\n  </p>\n  <p>\n    <strong>EUREKA ALERT | RENDRAWATI | AMB</strong>\n  </p>\n</div>\n<div id=\"readability-footnotes\"></div>','2017-11-11 09:50:43','mail.ayoklarifikasi@gmail.com',23,'no','https://tekno.tempo.co/read/1032612/kertas-aluminium-bisa-perkuat-sinyal-wifi-begini-caranya','Untuk menginformasikan kepada teman - teman','Pro','Untuk menginformasikan kepada teman - teman','kertas-aluminium-bisa-perkuat-sinyal-wifi-begini-caranya--tekno-tempoco','https://cdn.tmpo.co/data/2012/12/31/id_158921/158921_620.jpg'),('11112017002','Riset: Anak dari Keluarga Religius Kurang Ramah &\nMenghakimi','<p>\n  Ilustrasi. wkdq.com\n</p>\n<div id=\"isi\" readability=\"54.710740072202\">\n  <p>\n    <strong>TEMPO.CO</strong>, <span><strong>London</strong>- Hasil\n    studi ini cukup mengejutkan.&nbsp; Anak-anak dari keluarga\n    religius secara umum lebih tidak&nbsp; ramah dan bersifat\n    menghakimi &nbsp;dibanding&nbsp; anak-anak dari keluarga yang\n    tak religius. &nbsp;Temuan merupakan hasil studi &nbsp;sejumlah\n    akademisi dari tujuh universitas di seluruh dunia &nbsp;yang\n    mempelajari anak-anak yang beragama Kristen, Islam dan\n    anak-anak yang kurang religius untuk &nbsp;untuk menguji\n    hubungan antara agama dan moralitas.</span>\n  </p>\n  <p>\n    <span>Dalam laporan yang dimuat di laman Guardian, 6 November\n    itu, &nbsp;akademisi itu menyimpulkan, &nbsp;keyakinan agama\n    berpengaruh negatif terhadap sikap menolong orang lain dan\n    empati&nbsp; (altruism) pada anak-anak. \"Secara keseluruhan,\n    temuan kami bertentangan dengan akal sehat dan asumsi umum\n    bahwa anak-anak dari keluarga religius &nbsp;lebih altruistik\n    dan baik terhadap orang lain,\" &nbsp;demikian laporan yang\n    dimuat dalam artikel&nbsp; “<a href=\n    \"http://www.cell.com/current-biology/pdf/S0960-9822%2815%2901167-7.pdf\"\n    style=\"color: inherit; text-decoration: none;\" name=\n    \"readabilityLink-1\" id=\"readabilityLink-1\">The Negative\n    Association Between Religiousness and Children’s Altruism\n    Across the World</a>, yang &nbsp;diterbitkan pekan lalu&nbsp;\n    di jurnal Current Biology .</span>\n  </p>\n  <p>\n    <span>Sekitar 1.200 anak berusia 5 sampai 12 tahun di Amerika\n    Serikat, Kanada, Cina, Yordania, Turki dan Afrika Selatan\n    berpartisipasi dalam studi itu. Sebanyak 24% adalah Kristen,\n    43% Muslim, dan 27,6% non-religius. &nbsp;Ada juga dari Yahudi,\n    Buddha, &nbsp;dan Hindu, tapi jumlah mereka &nbsp;terlalu kecil\n    untuk dipertimbangkan secara stastitik.</span>\n  </p>\n  <p>\n    <span>Responden &nbsp;diminta &nbsp;memilih stiker dan kemudian\n    diberi tahu bahwa jumlahnya&nbsp; tidak cukup untuk semua siswa\n    di sekolah. &nbsp;Respon mereka diamati, apakah mereka mau\n    berbagistiker itu&nbsp; terhadap yang lain. Mereka juga melihat\n    film yang menampilkan anak-anak saling mendorong untuk melihat\n    respon&nbsp; terhadap peristiwa ini.</span>\n  </p>\n  <p>\n    <span>Temuan &nbsp;dari studi itu menunjukkan bahwa anak-anak\n    dari rumah tangga mengidentifikasi anak-anak dari keluarga\n    religius kurang &nbsp;berempati dan kurang mau berbagi\n    &nbsp;dibanding anak-anak dari keluarga tidak religius.” Studi\n    ini juga menemukan bahwa \"religiusitas mempengaruhi\n    kecenderungan bersikap menghukum.</span>\n  </p>\n  <p>\n    <span>Laporan itu, “ menyangkal anggapan &nbsp;bahwa agama\n    merupakan prasyarat moralitas\", kata Keith Porteus Wood dari\n    National Secular Society di Inggris. \"Temuan ini menarik&nbsp;\n    untuk diteliti lebih jauh.”</span>\n  </p>\n  <p>\n    <span><strong>GUARDIAN | SCIENCE DAILY| TIM\n    TEMPO</strong></span>\n  </p>\n</div>\n<div id=\"readability-footnotes\"></div>','2017-11-11 09:51:23','mail.ayoklarifikasi@gmail.com',28,'no','https://tekno.tempo.co/read/716894/riset-anak-dari-keluarga-religius-kurang-ramah-menghakimi','Untuk menginformasikan kepada teman - teman','Pro','Untuk menginformasikan kepada teman - teman','riset-anak-dari-keluarga-religius-kurang-ramah-menghakimi','https://cdn.tmpo.co/data/2012/01/24/id_103467/103467_620.jpg'),('13112017001','Benarkah Terluka di Siang Hari Lebih Cepat Sembuh? Ini\nPenjelasannya','<div itemprop=\"articleBody\" readability=\"94.568181818182\">\n  <img data-hashid=\n  \"0hSUkMIlT3DHpWNCAUE7ZzLWxiDxVlWB95MgJdZAZaUk4rBUMpYwdHHnc3AR4sAUskOAZDHHYwF0t9AU8rPQBH\"\n  src=\n  \"https://obs.line-scdn.net/0hSUkMIlT3DHpWNCAUE7ZzLWxiDxVlWB95MgJdZAZaUk4rBUMpYwdHHnc3AR4sAUskOAZDHHYwF0t9AU8rPQBH/w644\"\n  alt=\"Ilustrasi luka(Shutterstock)\">Ilustrasi luka(Shutterstock)\n  <p>\n    KOMPAS.com- Mengalami cedera memang menyebalkan. Tapi tahukan\n    Anda, cedera pada siang hari ternyata bisa lebih cepat sembuh.\n  </p>\n  <p>\n    Bagaimana hal tersebut bisa terjadi? Ilmuwan menemukan\n    kemampuan sel pada siang dan malam hari memiliki kemampuan\n    berbeda saat proses penyembuhan luka.\n  </p>\n  <p>\n    Nathaniel Hoyle, peneliti di Laboratorium Biologi Molekul\n    Universitas Cambridge bersama dengan peneliti di Universitas\n    Manchester, menganalisa data korban luka bakar yang terluka\n    pada siang dan malam hari.\n  </p>\n  <p>\n    Temuan yang dipublikasikan dalam jurnal Science Translational\n    Medicine ini menyebutkan, pasien luka di siang hari lebih cepat\n    sembuh dari pasien yang terluka pada malam hari. Rata-rata\n    pasien yag terluka pada waktu siang, sembuh dalam 17 hari.\n    Sedangkan pasien yang terluka di waktu malam sembuh dalam 28\n    hari.\n  </p>\n  <p>\n    \"Kami menemukan bahwa seberapa baik anda sembuh, tergantung\n    pada jam berapa anda terluka. Penyembuhan pada siang hari bisa\n    60 persen lebih cepat,\" kata Hoyle dikutip dari New Scientist,\n    Rabu (8/11/2017).\n  </p>\n  <p>\n    Hal tersebut bisa terjadi karena ternyata ada gen dalam jenis\n    sel kulit yang mampu hidup dan mati bersamaan dengan siklus\n    siang-malam. Sel tersebut bernama fibroblas, berfungsi membantu\n    menutup luka setelah kulit terluka.\n  </p>\n  <p>\n    Jadi, pada saat kulit mengalami luka, sel fibroblas segera\n    masuk ke luka dan mengeluarkan matriks yang membantu sel kulit\n    baru tumbuh dan menyembuhkan luka tersebut.\n  </p>\n  <p>\n    Sebelumnya, ilmuwan melakukan uji coba hal ini terhadap tikus.\n    Pada saat itu, luka pada tikus lebih cepat sembuh saat tikus\n    bangun daripada saat jam tidurnya.\n  </p>\n  <p>\n    Tampaknya, sekitar 30 jenis gen akan lebih aktif setelah bangun\n    tidur. Gen ini bekerja dan berfungsi membantu mengendalikan zat\n    aktin. Ini adalah protein yang digunakan fibroblas untuk\n    bergerak dalam tubuh.\n  </p>\n  <p>\n    Hoyle menduga, hal ini berhubungan dengan ritme aktivitas pada\n    mamalia. Mamalia cenderung mengalami luka pada siang hari\n    karena aktivitasnya lebih sering pada waktu siang (ritme\n    sirkadian).\n  </p>\n  <p>\n    \"Penelitian ini menambah akumulasi bukti bahwa \'waktu hari\'\n    atau \'ritme sirkadian\' penting dalam pengobatan,\" kata Derk-Jan\n    Dijk, dari Universitas Surrey, Inggris yang tidak terlibat\n    dalam penelitian ini.\n  </p>\n  <p>\n    \"Pertanyaannya sekarang adalah bagaimana kita bisa memanfaatkan\n    pengetahuan ini, dan apakah itu bisa mengubah praktik klinis\n    dan membantu pasien,\" tutup Der-Jan Djik.\n  </p><!-- original article -->\n  <a href=\n  \"http://sains.kompas.com/read/2017/11/11/210500123/bernarkah-terluka-di-siang-hari-lebih-cepat-sembuh-ini-penjelasannya?utm_source=LineNews&amp;utm_medium=relatedcontent&amp;utm_campaign=LINE\"\n  class=\"btn_txt\" target=\"_blank\" style=\n  \"color: inherit; text-decoration: none;\" name=\"readabilityLink-1\"\n  id=\"readabilityLink-1\">Artikel Asli</a> \n  <!-- like and comment button -->\n  <div class=\"bx-share _middle_share\">\n    <!-- It is created dynamically. -->\n    <ul id=\"share_below_like\" class=\"bx-btn-sns share\">\n      <li>\n        <button type=\"button\" class=\"sp btn-sns-line\">LINE share\n        button</button>\n      </li>\n      <li>\n        <button type=\"button\" class=\"sp btn-sns-fb\">Facebook share\n        button</button>\n      </li>\n      <li>\n        <button type=\"button\" class=\"sp btn-sns-tw\">Twitter share\n        button</button>\n      </li>\n    </ul>\n  </div><!-- Related Articles (CP Contents) -->\n  <div id=\"related_container\" class=\"more-article\">\n    <h3 class=\"section-title\">\n      Lihat Lainnya \n      <!-- [D] &#44033; CP name &#50640; &#47582;&#45716; &#47196;&#44256; &#51060;&#48120;&#51648; &#48143; &#49324;&#51060;&#51592; &#45347;&#50612;&#51452;&#49464;&#50836; -->\n       <img src=\n      \"https://obs.line-scdn.net/0m01fd1e1e1b6d0130606e7a467d2061276d67306d2e147a1a137b3d397a2d6a386962666273303d5b6927323039\"\n      alt=\"Kompas.com\" class=\"cp\">\n    </h3>\n    <ul class=\"list-type-1\">\n      <li readability=\"-2\">\n        <a href=\n        \"http://sains.kompas.com/read/2017/11/12/100700323/apa-yang-terjadi-pada-otak-saat-kita-tidur-sains-menjawabnya?utm_source=LineNews&amp;utm_medium=relatedcontent&amp;utm_campaign=LINE\"\n        target=\"_blank\" class=\"lnk _link\">\n        <div class=\"txt\" readability=\"7\">\n          <p class=\"content\">\n            Apa yang Terjadi pada Otak saat Kita Tidur? Sains\n            Menjawabnya\n          </p>\n        </div>\n      </li>\n      <li readability=\"-1.5\">\n        <a href=\n        \"http://sains.kompas.com/read/2017/11/12/090500123/sains-buktikan-burung-dapat-berkomunikasi-bagaimana-caranya-?utm_source=LineNews&amp;utm_medium=relatedcontent&amp;utm_campaign=LINE\"\n        target=\"_blank\" class=\"lnk _link\">\n        <div class=\"txt\" readability=\"8\">\n          <p class=\"content\">\n            Sains Buktikan Burung Dapat Berkomunikasi, Bagaimana\n            Caranya?\n          </p>\n        </div>\n      </li>\n      <li readability=\"-1.5\">\n        <a href=\n        \"http://sains.kompas.com/read/2017/11/13/120236023/hiu-berbadan-ular-dengan-300-gigi-ditemukan-setua-dinosaurus?utm_source=LineNews&amp;utm_medium=relatedcontent&amp;utm_campaign=LINE\"\n        target=\"_blank\" class=\"lnk _link\">\n        <div class=\"txt\" readability=\"8\">\n          <p class=\"content\">\n            Hiu \"Berbadan Ular\" dengan 300 Gigi Ditemukan, Setua\n            Dinosaurus\n          </p>\n        </div>\n      </li>\n    </ul>\n  </div>\n</div>\n<div id=\"readability-footnotes\"></div>','2017-11-13 17:13:50','bernandotorrez4@gmail.com',34,'no','https://today.line.me/ID/pc/article/Benarkah+Terluka+di+Siang+Hari+Lebih+Cepat+Sembuh-OrXZDj','untuk menginformasikan kepada teman  teman','Pro','bener ga ini ya?         ','benarkah-terluka-di-siang-hari-lebih-cepat-sembuh-inipenjelasannya','https://obs.line-scdn.net/0henHucDnBOkF1DBYvMJJFFk9aOS5GYClCETprXyViZHUIPXUSQDh9JVQJZSNQNX0fGz51JlkPIXBeOXkQHjl9/w580'),('14092017001','Konsumsi Sabu, Golkar Siapkan Sanksi bagi Indra J Piliang','<p><br><br><strong style=\"margin: 0px; padding: 0px; border: 0px; vertical-align: baseline; color: rgb(37, 37, 37); font-family: Arial, Helvetica, sans-serif; text-align: start;\">JAKARTA</strong><span style=\"color: rgb(37, 37, 37); font-family: Arial, Helvetica, sans-serif; text-align: start;\">&nbsp;- Partai Golkar menyiapkan sanksi bagi seorang kadernya, Indra J Piliang yang ditangkap Direktorat Reserse Narkoba Polda Metro Jaya karena mengkonsumsi narkoba jenis sabu. Adapun Indra J Piliang (IJP) ditangkap di Room Diamond Karaoke, Taman Sari, Jakarta Barat, kemarin malam bersama RF (32) dan MIJ (35).</span><br style=\"color: rgb(37, 37, 37); font-family: Arial, Helvetica, sans-serif; text-align: start;\"><br style=\"color: rgb(37, 37, 37); font-family: Arial, Helvetica, sans-serif; text-align: start;\"><span style=\"color: rgb(37, 37, 37); font-family: Arial, Helvetica, sans-serif; text-align: start;\">Wakil Sekretaris Jenderal Partai Golkar TB Ace Hasan Syadzily mengatakan, bahwa partainya memiliki komitmen yang kuat dalam hal pemberantasan narkoba. \"Bagi siapapun kader yang menggunakan narkoba, apapun jenisnya, tentu harus diberikan sanksi yang tegas,\" ujar Ace Hasan dihubungi wartawan, Kamis (14/9/2017).</span><br style=\"color: rgb(37, 37, 37); font-family: Arial, Helvetica, sans-serif; text-align: start;\"><br style=\"color: rgb(37, 37, 37); font-family: Arial, Helvetica, sans-serif; text-align: start;\"><span style=\"color: rgb(37, 37, 37); font-family: Arial, Helvetica, sans-serif; text-align: start;\">Mengenai sanksinya, kata dia, ada mekanisme internal organisasi yang menetapkan soal itu. Maka itu, legislator asal daerah pemilihan Banten I ini belum bisa membeberkan sanksi apa yang bakal dijatuhi kepada Indra J Piliang.</span><br style=\"color: rgb(37, 37, 37); font-family: Arial, Helvetica, sans-serif; text-align: start;\"><br style=\"color: rgb(37, 37, 37); font-family: Arial, Helvetica, sans-serif; text-align: start;\"><span style=\"color: rgb(37, 37, 37); font-family: Arial, Helvetica, sans-serif; text-align: start;\">\"Kita lihat dulu sejauhmana keterlibatan IJP,\" ungkapnya.&nbsp;</span><br style=\"color: rgb(37, 37, 37); font-family: Arial, Helvetica, sans-serif; text-align: start;\"><br style=\"color: rgb(37, 37, 37); font-family: Arial, Helvetica, sans-serif; text-align: start;\"><span style=\"color: rgb(37, 37, 37); font-family: Arial, Helvetica, sans-serif; text-align: start;\">Ace pun mengaku tak menduga Indra J Piliang mengkonsumsi narkoba. Dia pun prihatin atas persoalan yang dihadapi Indra J Piliang. \"Selama ini IJP sangat baik orangnya. Aktif memberikan masukan-masukan dalam Partai Golkar,\" imbuhnya.</span><br></p>','2017-09-15 14:28:27','mail.ayoklarifikasi@gmail.com',136,'no','https://nasional.sindonews.com/read/1239593/12/konsumsi-sabu-golkar-siapkan-sanksi-bagi-indra-j-piliang-1505371429','untuk mengklarifikasikan isu ini','Kontra','untuk mengklarifikasikan isu ini','konsumsi-sabu-golkar-siapkan-sanksi-bagi-indra-j-piliang','https://cdn.sindonews.net/dyn/620/content/2017/09/14/12/1239593/konsumsi-sabu-golkar-siapkan-sanksi-bagi-indra-j-piliang-1B1.jpg'),('14092017002','Olahraga Nasional Cuma Jadi Penggembira?','<p><br><span style=\"font-weight: 700; color: rgb(246, 118, 56); font-family: AcuminPro, arial, helvetica, sans-serif; font-size: 14px; text-align: start;\">Liputan6.com, Jakarta -</span><span style=\"color: rgb(74, 74, 74); font-family: AcuminPro, arial, helvetica, sans-serif; font-size: 14px; text-align: start;\">&nbsp;Prestasi olahraga Indonesia di kancah internasional masih jalan di tempat. Mirisnya, cabang olahraga (cabor) pendulang emas hanya satu dua di antara banyaknya cabor yang ada.</span></p><p><span style=\"color: rgb(74, 74, 74); font-family: AcuminPro, arial, helvetica, sans-serif; font-size: 14px; text-align: start;\">Padahal, Indonesia yang menjadi negara dengan penduduk terbanyak punya sumber daya manusia melimpah dalam pencarian bakat. Apa sebenarnya permasalahan utama olahraga nasional kita?</span><br style=\"color: rgb(74, 74, 74); font-family: AcuminPro, arial, helvetica, sans-serif; font-size: 14px; text-align: start;\"><br style=\"color: rgb(74, 74, 74); font-family: AcuminPro, arial, helvetica, sans-serif; font-size: 14px; text-align: start;\"><span style=\"color: rgb(74, 74, 74); font-family: AcuminPro, arial, helvetica, sans-serif; font-size: 14px; text-align: start;\">Ada tiga pesta olahraga internasional yang diikuti Indonesia. SEA Games, Asian Games, dan Olimpiade. Hanya bulu tangkis yang menjadi cabor paling andalan mendulang emas.</span><br style=\"color: rgb(74, 74, 74); font-family: AcuminPro, arial, helvetica, sans-serif; font-size: 14px; text-align: start;\"><br style=\"color: rgb(74, 74, 74); font-family: AcuminPro, arial, helvetica, sans-serif; font-size: 14px; text-align: start;\"><span style=\"color: rgb(74, 74, 74); font-family: AcuminPro, arial, helvetica, sans-serif; font-size: 14px; text-align: start;\">Untuk anggaran olahraga di Negara ASEAN, Indonesia terbanyak hingga Rp 3,3 triliun. Namun minim prestasi.</span><span style=\"color: rgb(74, 74, 74); font-family: AcuminPro, arial, helvetica, sans-serif; font-size: 14px; text-align: start;\"><br></span><br></p>','2017-09-16 08:00:09','mail.ayoklarifikasi@gmail.com',207,'no','https://news.liputan6.com/read/3090653/olahraga-nasional-cuma-jadi-penggembira','Untuk menginformasikan','Pro','Untuk menginformasikan','olahraga-nasional-cuma-jadi-penggembira','https://cdn1-a.production.images.static6.com/HFBH8z1yMtHFfWuEwHP-scnvrrg=/1280x710/smart/filters:quality(75):strip_icc():format(jpeg)/liputan6-media-production/medias/1705422/original/028062600_1505013025-Haornas_01.jpg'),('14092017003','\'Pabrik\' Berita Palsu, dari Makedonia ke Gedung Putih','<p><br></p><p style=\"color: rgb(74, 74, 74); font-family: AcuminPro, arial, helvetica, sans-serif; font-size: 14px; text-align: start;\"><span style=\"font-weight: 700; color: rgb(246, 118, 56);\">Liputan6.com, Veles -</span>&nbsp;Veles terkenal dengan kerajinan porselen di seluruh Yugoslavia. Namun, kini, kota itu dijadikan markas pengelolaan berita-<a href=\"http://global.liputan6.com/read/2527160/8-berita-menggegerkan-yang-ternyata-hoax\" title=\"berita palsu\" style=\"color: rgb(246, 118, 56);\">berita palsu</a>.</p><p style=\"color: rgb(74, 74, 74); font-family: AcuminPro, arial, helvetica, sans-serif; font-size: 14px; text-align: start;\">Kota pinggiran sungai yang suram di Makedonia itu adalah rumah bagi puluhan operator laman yang memproduksi cerita palsu untuk menarik perhatian warga Amerika Serikat. Tiap klik iklan memenuhi pundi-pundi di rekening bank mereka.</p><p style=\"color: rgb(74, 74, 74); font-family: AcuminPro, arial, helvetica, sans-serif; font-size: 14px; text-align: start;\">Dikutip dari&nbsp;<em>CNNMoney,</em>&nbsp;pada Kamis (14/9/2017), skala pabrik berita palsu itu sudah bak industri. Lebih dari 100 situs yang dirunut berujung di kota ini saat minggu terakhir kampanye Pemilihan Presiden AS 2016 lalu.</p><p style=\"color: rgb(74, 74, 74); font-family: AcuminPro, arial, helvetica, sans-serif; font-size: 14px; text-align: start;\">Para pembuat berita palsu ini diduga dipesan oleh kubu dari Partai Republik yang mencalonkan&nbsp;<a href=\"http://global.liputan6.com/read/2672907/paus-fransiskus-kecam-media-penyebar-berita-palsu-dan-skandal\" title=\"Donald Trump\" style=\"color: rgb(246, 118, 56);\">Donald Trump</a>&nbsp;sebagai presiden. Memuluskan jalan miliarder nyentrik ke&nbsp;<a href=\"http://global.liputan6.com/read/3004498/trump-kritik-obama-terkait-skandal-rusia-dalam-pilpres-as-2016\" title=\"Gedung Putih\" style=\"color: rgb(246, 118, 56);\">Gedung Putih</a>.&nbsp;</p><p style=\"color: rgb(74, 74, 74); font-family: AcuminPro, arial, helvetica, sans-serif; font-size: 14px; text-align: start;\">Salah satu pioner pembuat berita palsu adalah pria berperangai lembut yang<em>&nbsp;drop-out</em>&nbsp;dari sekolah hukum. Tak ingin akun onlinenya diputuskan, kepada CNNMoney&nbsp;pria 24 tahun itu mengaku bernama Mikhail.</p><p style=\"color: rgb(74, 74, 74); font-family: AcuminPro, arial, helvetica, sans-serif; font-size: 14px; text-align: start;\">Mikhail memiliki berbagai macam pribadi di malam hari. Di dunia maya, ia mengaku bernama Jesica, seorang Amerika yang kerap mem-posting meme Trump di Facebook.</p><p style=\"color: rgb(74, 74, 74); font-family: AcuminPro, arial, helvetica, sans-serif; font-size: 14px; text-align: start;\">Situs dan laman Facebook yang \'Jesica\' kelola digunakan untuk memikat pembaca konservatif di AS</p><p style=\"color: rgb(74, 74, 74); font-family: AcuminPro, arial, helvetica, sans-serif; font-size: 14px; text-align: start;\">Isinya sangat politis dan kadang melenceng dari fakta. Tapi, Mikhail tak peduli. \"Saya tak peduli, karena orang akan membacanya,\" kata Mikhail.</p><p style=\"color: rgb(74, 74, 74); font-family: AcuminPro, arial, helvetica, sans-serif; font-size: 14px; text-align: start;\">\"Di usia 22 tahun, saya menghasilkan uang paling banyak di seluruh warga Makedonia,\" bualnya.</p><p style=\"color: rgb(74, 74, 74); font-family: AcuminPro, arial, helvetica, sans-serif; font-size: 14px; text-align: start;\">Mikhail mengklaim ia mendapatkan US$2.500 per hari dari iklan yang ia dapatkan di situs. Sementara, rata-rata pendapatan bulanan warga Makedonia hanya sekitar US$426.</p><p style=\"color: rgb(74, 74, 74); font-family: AcuminPro, arial, helvetica, sans-serif; font-size: 14px; text-align: start;\">Keuntungan didapat dari layanan iklan seperti Google\'s AdSense, yang menargetkan iklan di seluruh situs. Tiap klik pariwara itu, akan mendatangkan dolar bagi pencipta konten.</p><p style=\"color: rgb(74, 74, 74); font-family: AcuminPro, arial, helvetica, sans-serif; font-size: 14px; text-align: start;\">Mikhail mengatakan ia menggunakan keuntungan itu untuk membeli rumah dan menyekolahkan adik perempuannya yang terkecil.</p><p style=\"color: rgb(74, 74, 74); font-family: AcuminPro, arial, helvetica, sans-serif; font-size: 14px; text-align: start;\">Mikhail mengklaim ia pernah memiliki 15 anak buah, termasuk dua penulis di AS. Mereka membuat cerita juga berinteraksi dengan fans. Situs dia terakhir memiliki 1,5 juta pengikut di Facebook. Kebanyakan dari AS.</p><p style=\"color: rgb(74, 74, 74); font-family: AcuminPro, arial, helvetica, sans-serif; font-size: 14px; text-align: start;\">Situsnya telah ditutup beberapa bulan lalu setelah Facebook dan Google memulai usahanya untuk memerangi laman-laman berita bohong.</p><p style=\"color: rgb(74, 74, 74); font-family: AcuminPro, arial, helvetica, sans-serif; font-size: 14px; text-align: start;\">Mikhail kini tengah mencari strategi baru. Namun, target berikutnya jelas:&nbsp;<a href=\"http://global.liputan6.com/read/3062976/donald-trump-dan-mitos-palsu-peluru-darah-babi-untuk-muslim\" title=\"pemilu presiden AS\" style=\"color: rgb(246, 118, 56);\">pemilu presiden AS</a>&nbsp;2020 mendatang.</p><p style=\"color: rgb(74, 74, 74); font-family: AcuminPro, arial, helvetica, sans-serif; font-size: 14px; text-align: start;\">\"Tujuan utama saya adalah menyiapkan situs seperti yang pernah saya buat, bersiap untuk pilpres AS mendatang,\" ujarnya mantap.</p>','2017-09-14 19:52:05','mail.ayoklarifikasi@gmail.com',88,'no','https://global.liputan6.com/read/3094767/pabrik-berita-palsu-dari-makedonia-ke-gedung-putih','Klarifikasi Berita Hoax','Kontra','parah dah ahhhhhh','pabrik-berita-palsu-dari-makedonia-ke-gedung-putih','https://cdn1-a.production.images.static6.com/tM12M_EULHGw0wszaw7uB6OjJ8s=/1280x710/smart/filters:quality(75):strip_icc():format(jpeg)/liputan6-media-production/medias/1465052/original/080805100_1483868448-ilustrasi_hoax_1.jpg'),('16092017001','Facebook Jual Iklan ke 470 Akun Palsu Milik Rusia','<p><br></p><p style=\"color: rgb(74, 74, 74); font-family: AcuminPro, arial, helvetica, sans-serif; font-size: 14px; text-align: start;\"><span style=\"font-weight: 700; color: rgb(246, 118, 56);\">Liputan6.com, Jakarta -</span>&nbsp;Sebuah temuan bukti baru terkait kontroversi keterlibatan pemerintahan Rusia dalam pemilihan presiden Amerika Serikat (AS) pada 2016 muncul ke permukaan.</p><p style=\"color: rgb(74, 74, 74); font-family: AcuminPro, arial, helvetica, sans-serif; font-size: 14px; text-align: start;\">Seperti yang dilansir&nbsp;<a href=\"http://tekno.liputan6.com/read/3084817/akun-facebook-mark-zuckerberg-dan-istrinya-tak-bisa-diblokir\" title=\"Facebook\" style=\"color: rgb(246, 118, 56);\">Facebook</a>, Jumat (8/9/2017), perusahaan mengidentifikasi iklan dengan nilai lebih dari US$ 100.000 atau sekitar Rp 1,3 miliar yang terkait dengan isu-isu sensitif di masyarakat telah dibeli oleh perusahaan Rusia.</p><p style=\"color: rgb(74, 74, 74); font-family: AcuminPro, arial, helvetica, sans-serif; font-size: 14px; text-align: start;\">Bisa dibilang, Facebook secara tak langsung menjual iklan itu kepada pihak yang tak bertanggung jawab, dalam hal ini sejumlah perusahaan Rusia. &nbsp;</p><p style=\"color: rgb(74, 74, 74); font-family: AcuminPro, arial, helvetica, sans-serif; font-size: 14px; text-align: start;\">\"Meski sebagian besar dari 3.000 iklan tersebut tidak mengacu pada kandidat tertentu dalam&nbsp;pemilihan Presiden AS lalu, iklan tersebut lebih berfokus pada masalah sosial, seperti isu ras, kontrol senjata, imigrasi hingga orientasi sosial,\" ungkap Alex Stamos, Chief Security Officer&nbsp;<a href=\"http://tekno.liputan6.com/read/3081984/bukan-facebook-dan-apple-ini-5-perusahaan-teknologi-tercerdas\" title=\"Facebook\" style=\"color: rgb(246, 118, 56);\">Facebook</a>.</p><p style=\"color: rgb(74, 74, 74); font-family: AcuminPro, arial, helvetica, sans-serif; font-size: 14px; text-align: start;\">Diketahui, iklan tersebut sudah lalu-lalang di Facebook sejak Juni 2015 hingga Mei 2017. Sekitar 470 akun dan laman palsu perusahaan Rusia yang terkait dengan iklan tersebut sudah dipaksa tutup.</p><p style=\"color: rgb(74, 74, 74); font-family: AcuminPro, arial, helvetica, sans-serif; font-size: 14px; text-align: start;\">Meski Stamos tidak memberikan informasi lebih detail tentang identitas pelaku yang diduga terlibat,&nbsp;<em>The Washington Post</em>melaporkan, perwakilan Facebook mengarahkan penyelidik kongres dengan&nbsp;menyebutkan iklan-iklan itu&nbsp;berasal dari&nbsp;<em>troll farm</em>&nbsp;pendukung pemerintahan Kremlin.</p><p style=\"color: rgb(74, 74, 74); font-family: AcuminPro, arial, helvetica, sans-serif; font-size: 14px; text-align: start;\">Sekadar informasi,&nbsp;<em>troll farm</em>&nbsp;adalah organisasi yang mempekerjakan karyawan atau anggota dalam upaya untuk menciptakan konflik dan gangguan dalam komunitas&nbsp;<em>online</em>&nbsp;dengan mengunggah komentar yang bersifat provokatif.</p><p style=\"color: rgb(74, 74, 74); font-family: AcuminPro, arial, helvetica, sans-serif; font-size: 14px; text-align: start;\">Sebagai salah satu saluran informasi yang paling banyak diakses saat ini,&nbsp;<a href=\"http://tekno.liputan6.com/read/3077157/bagaimana-facebook-menyarankan-teman-via-people-you-may-know\" title=\"Facebook\" style=\"color: rgb(246, 118, 56);\">Facebook</a>&nbsp;acap kali mendapat kritikan pedas karena sering menyebarkan cerita palsu atau&nbsp;<em>hoax</em>.</p><p style=\"color: rgb(74, 74, 74); font-family: AcuminPro, arial, helvetica, sans-serif; font-size: 14px; text-align: start;\">Menanggapi hal tersebut, perusahaan mengambil langkah untuk mendeteksi&nbsp;<em>hoax</em>&nbsp;berdasarkan jumlah unggahan dengan frekuensi yang sangat tinggi.</p><p style=\"color: rgb(74, 74, 74); font-family: AcuminPro, arial, helvetica, sans-serif; font-size: 14px; text-align: start;\">\"Kami sadar dan&nbsp;harus waspada dalam menghadapi pihak-pihak yang mencoba menyalahgunakan&nbsp;<em>platform</em>&nbsp;Facebook,\" tulis Stamos.</p><div><br></div>','2017-09-16 11:35:25','mail.ayoklarifikasi@gmail.com',132,'no','https://tekno.liputan6.com/read/3086821/facebook-jual-iklan-ke-470-akun-palsu-milik-rusia','Klarifikasi Isu Hoax','Kontra','Isu ini sepenuhnya adalah hoax','facebook-jual-iklan-ke-470-akun-palsu-milik-rusia','https://cdn1-a.production.images.static6.com/9TmMoHbj0BSE-bPgxWAx9lIz9-w=/1280x710/smart/filters:quality(75):strip_icc():format(jpeg)/liputan6-media-production/medias/1085642/original/052778000_1450237087-fb.jpg'),('16102017002','Wajib Registrasi Kartu SIM Prabayar','Kemkominfo mewajibkan pengguna kartu SIM prabayar untuk meregistrasi ulang kartunya sebelum 28 Februari 2018.','2017-10-16 10:03:25','bernandotorrez4@gmail.com',175,'no','http://news.liputan6.com/read/3126424/wajib-registrasi-kartu-sim-prabayar','Untuk menginformasikan kepada teman - teman','Pro','teman - teman yang data SIM card nya ga bener, segera daftarin ulang deh SIM card nya','wajib-registrasi-kartu-sim-prabayar','https://cdn1-a.production.liputan6.static6.com/medias/1737761/big/083855000_1507806140-Banner__7_.jpg'),('16112017001','KPK Disarankan Segera Limpahkan Perkara Setnov ke Pengadilan\n| Republika Online','<div readability=\"80\">\n  <p>\n    REPUBLIKA.CO.ID, JAKARTA -- Pakar Hukum Tata Negara Mahfud MD\n    menyarankan Komisi Pemberantasan Korupsi untuk segera membawa\n    kasus dugaan korupsi Ketua DPR RI Setya Novanto (Setnov) ke\n    pengadilan. Ini perlu dilakukan jika KPK enggan berurusan lagi\n    dengan Setnov di sidang praperadilan.\n  </p>\n  <p>\n    \"Kalau ingin praperadilan itu tidak jalan, limpahkan saja\n    kasusnya ke pengadilan, sehingga tidak ada praperadilan.\n    Sehingga nanti yang ada itu pengadilan yang sesungguhnya,\" kata\n    dia di Matraman, Jakarta, Kamis (16/11).\n  </p>\n  <p>\n    Mahfud menjelaskan, tidak akan ada praperadilan jika kasus\n    tersebut sudah masuk ke pokok perkara. \"Misalnya sebelum sidang\n    pertama (praperadilan) Novanto <em>enggak</em> tertangkap,\n    limpahkan kasusnya (ke pengadilan), maka <em>enggak</em> bisa\n    lagi ada praperadilan kalau kasus sudah masuk ke pokok perkara\n    kan, itu aturannya,\" ungkap mantan ketua Mahkamah Konstitusi\n    itu.\n  </p>\n  <p>\n    Mahfud mengakui Setnov memang punya kesempatan untuk mengajukan\n    praperadilan atas kasus yang menjerat dirinya. Bahkan, kuasa\n    hukum Setnov telah mengajukan itu ke Pengadilan Negeri Jakarta\n    Selatan. Namun, menurutnya, proses praperadilan itu memakan\n    waktu yang lama. Sebab, ada proses pendaftaran, pembuatan\n    berbagai dalil, dan urusan jadwal sidang. Belum lagi, kalau KPK\n    tidak menghadiri sidang pertama praperadilan tersebut.\n  </p>\n  <p>\n    Karena itu, menurut Mahfud, dalam kurun waktu proses pengajuan\n    praperadilan tersebut, masih terbuka peluang yang lebar bagi\n    KPK untuk menangkap Setnov yang saat ini juga menjabat sebagai\n    ketua umum Golkar. \"Bisa saja mengajukan lagi, dan itu perlu\n    waktu lama, mendaftarkan, membuat dalil-dalil, nanti jadwal\n    sidang. Terus KPK tidak datang di sidang pertama. Itu masih\n    lama, dalam kurun waktu itu masih bisa ditangkap,\" kata\n    dia.&nbsp;\n  </p>\n</div>','2017-11-16 17:09:52','mail.ayoklarifikasi@gmail.com',32,'no','http://nasional.republika.co.id/berita/nasional/hukum/17/11/16/ozi57p409-kpk-disarankan-segera-limpahkan-perkara-setnov-ke-pengadilan','untuk menginformasikan kepada  teman - teman','Pro','papah setnov masih bebas aja nih','kpk-disarankan-segera-limpahkan-perkara-setnov-ke-pengadilan-republika-online','http://static.republika.co.id/uploads/images/headline_slide/0.65111900-1510477096-830-556.jpeg'),('17122017002','Dragon Ball Bakal Punya Film ke-20 Tahun Depan \nLiputan6.com - Ayo Klarifikasi','<div data-component-name=\n\"desktop:read-page:article-content-body:section:text\" readability=\n\"44\">\n  <p>\n    Film <em>Dragon Ball</em> pertama, <em>Dragon Ball Movie 1:\n    Curse of the Blood Rubies</em>, dibuka di Jepang pada Desember\n    1986. Selanjutnya, satu judul film diputar setahun sekali\n    antara tahun 1986 dan 1989. Kemudian, dua film diputar setiap\n    tahun antara tahun 1990-1995. Satu film lagi kemudian\n    ditayangkan pada tahun 1996.\n  </p>\n  <p>\n    Waralaba film ini membutuhkan waktu 17 tahun untuk dibuat\n    kembali sampai dirilislah film <em>Dragon Ball Z: Battle of\n    Gods</em> yang dibuka di Jepang pada Maret 2013. Pada 2015,\n    film berjudul <em>Dragon Ball Z: Resurrection \'F\'</em>\n    ditayangkan.\n  </p>\n</div>','2017-12-17 12:10:42','bernandotorrez4@gmail.com',45,'no','http://showbiz.liputan6.com/read/3198312/dragon-ball-bakal-punya-film-ke-20-tahun-depan','untuk pecinta Dragon Ball','Pro','kabar baik untuk kita pecinta Anime Dragon Ball','dragon-ball-bakal-punya-film-ke-20-tahun-depan-liputan6com-ayo-klarifikasi','http://cdn1-a.production.images.static6.com/ujRP9wqEulXeGC3L2vzXVtwOPWA=/673x379/smart/filters:quality(75):strip_icc():format(jpeg)/liputan6-media-production/medias/901146/original/002258400_1434341297-dbz.jpg'),('18092017001','Jokowi: Jangan karena Pilkada, Kita Tak Rukun dengan Tetangga','<p><br></p><p><strong style=\"margin: 0px; padding: 0px; border: 0px; vertical-align: baseline; color: rgb(37, 37, 37); font-family: Arial, Helvetica, sans-serif; text-align: start;\">JAKARTA</strong><span style=\"color: rgb(37, 37, 37); font-family: Arial, Helvetica, sans-serif; text-align: start;\">&nbsp;- Presiden Joko Widodo (Jokowi) menegaskan Indonesia adalah negara yang memiliki 17.000 pulau, 714 suku, dan&nbsp; agama serta bahasa daerah yang berbeda-beda.&nbsp;</span><br style=\"color: rgb(37, 37, 37); font-family: Arial, Helvetica, sans-serif; text-align: start;\"><br style=\"color: rgb(37, 37, 37); font-family: Arial, Helvetica, sans-serif; text-align: start;\"><span style=\"color: rgb(37, 37, 37); font-family: Arial, Helvetica, sans-serif; text-align: start;\">Fakta itu dikatakan Jokowi sebagai anugerah dari Tuhan Yang Maha Esa yang diberikan kepada bangsa Indonesia.&nbsp;</span><br style=\"color: rgb(37, 37, 37); font-family: Arial, Helvetica, sans-serif; text-align: start;\"><br style=\"color: rgb(37, 37, 37); font-family: Arial, Helvetica, sans-serif; text-align: start;\"><span style=\"color: rgb(37, 37, 37); font-family: Arial, Helvetica, sans-serif; text-align: start;\">Atas anugerah itu, Jokowi berpesan kepada seluruh warga negara Indonesia untuk menjaga persaudaraan sebagai saudara sebangsa se-Tanah Air.</span><br style=\"color: rgb(37, 37, 37); font-family: Arial, Helvetica, sans-serif; text-align: start;\"><br style=\"color: rgb(37, 37, 37); font-family: Arial, Helvetica, sans-serif; text-align: start;\"><span style=\"color: rgb(37, 37, 37); font-family: Arial, Helvetica, sans-serif; text-align: start;\">“Jangan sampai karena pemilihan kepala daerah (Pilkada) bupati, wali kota, gubernur, pemilihan presiden menjadikan kita tidak rukun dengan tetangga, atau teman sekampung, atau saudara sekampung,” kata Jokowi saat menghadiri penyerahan sertifikat hak atas tanah untuk warga Magelang, di Lapangan Olahraga drh Soepardi, Magelang, Senin (18/9/2017) siang seperti dikutip&nbsp;</span><em style=\"margin: 0px; padding: 0px; border: 0px; vertical-align: baseline; color: rgb(37, 37, 37); font-family: Arial, Helvetica, sans-serif; text-align: start;\">setkab.go.id</em><br style=\"color: rgb(37, 37, 37); font-family: Arial, Helvetica, sans-serif; text-align: start;\"><br style=\"color: rgb(37, 37, 37); font-family: Arial, Helvetica, sans-serif; text-align: start;\"><span style=\"color: rgb(37, 37, 37); font-family: Arial, Helvetica, sans-serif; text-align: start;\">Jika ada pemilihan, kata dia, pilih saja sosok yang dianggap paling baik. Jangan sampai seperti dengan mudah kita lihat di media sosial, saling menjelekkan, saling menyalahkan, saling mencela, saling memfitnah.&nbsp;</span><br style=\"color: rgb(37, 37, 37); font-family: Arial, Helvetica, sans-serif; text-align: start;\"><br style=\"color: rgb(37, 37, 37); font-family: Arial, Helvetica, sans-serif; text-align: start;\"><span style=\"color: rgb(37, 37, 37); font-family: Arial, Helvetica, sans-serif; text-align: start;\">“Lupa bahwa kita saudara sebangsa se-Tanah Air,” ujarnya.</span><br style=\"color: rgb(37, 37, 37); font-family: Arial, Helvetica, sans-serif; text-align: start;\"><br style=\"color: rgb(37, 37, 37); font-family: Arial, Helvetica, sans-serif; text-align: start;\"><span style=\"color: rgb(37, 37, 37); font-family: Arial, Helvetica, sans-serif; text-align: start;\">Terkait dengan penyerahan sertifikat, Presiden Jokowi mengaku telah memerintahkan kepada Menteri Agraria dan Tata Ruang (ATR)/Kepala Badan Pertanahan Nasional (BPN) mempercepat penyerahan sertifikat untuk rakyat.</span><br style=\"color: rgb(37, 37, 37); font-family: Arial, Helvetica, sans-serif; text-align: start;\"><br style=\"color: rgb(37, 37, 37); font-family: Arial, Helvetica, sans-serif; text-align: start;\"><span style=\"color: rgb(37, 37, 37); font-family: Arial, Helvetica, sans-serif; text-align: start;\">“Dahulu setahun di seluruh Indonesia hanya 400-500 ribu. Tahun ini tergetnya 5 juta harus diserahkan kepada masyarkat. Tahun depan 7 juta, tahun depannya lagi 9 juta,” ungkap Presiden.</span><br></p>','2017-09-18 21:26:07','bernandotorrez4@gmail.com',96,'no','https://nasional.sindonews.com/read/1240749/12/jokowi-jangan-karena-pilkada-kita-tak-rukun-dengan-tetangga-1505725276','bener banget tuh','Pro','Bener banget tuh','jokowi-jangan-karena-pilkada-kita-tak-rukun-dengan-tetangga','https://cdn.sindonews.net/dyn/620/content/2017/09/18/12/1240749/jokowi-jangan-karena-pilkada-kita-tak-rukun-dengan-tetangga-5G4.jpg'),('19102017001','Pemimpin Oposisi Korsel: Senjata Nuklir Jalan bagi Perdamaian','Pemimpin oposisi Korsel Hong Jun-pyo menilai bahwa negaranya perlu senjata nuklir agar dapat bernegosiasi sejajar dengan Korut.','2017-10-19 17:13:12','bernandotorrez4@gmail.com',55,'no','http://m.liputan6.com/global/read/3133816/pemimpin-oposisi-korsel-senjata-nuklir-jalan-bagi-perdamaian','Untuk menginformasikan','Pro','Korut terlalu berbahaya jalan pikirannya','pemimpin-oposisi-korsel-senjata-nuklir-jalan-bagi-perdamaian','https://cdn1-a.production.liputan6.static6.com/medias/1698466/big/022469700_1504427262-Kim-Jong-un-Pantau-Pembuatan-Bom-Hidrogen3.jpg'),('20102017001','Penggolongan Masyarakat Era Hindia Belanda','Gubernur DKI Jakarta Anies Baswedan menjadi sorotan karena pidatonya yang menggunakan istilah pribumi.','2017-10-20 09:40:30','bernandotorrez4@gmail.com',31,'no','http://m.liputan6.com/news/read/3131871/penggolongan-masyarakat-era-hindia-belanda','Untuk menginformasikan kepada teman - teman','Pro','seharusnya bapak tidak menggunakan istilah Pribumi maupun Non-Pribumi...','penggolongan-masyarakat-era-hindia-belanda','https://cdn0-a.production.liputan6.static6.com/medias/1741246/big/085844800_1508163381-20171016-Pidato-Anies-AY2.jpg'),('24092017001','CEO &amp; Bendahara Cilegon United Diciduk KPK','<p style=\"color: rgb(8, 31, 44); font-family: Arial, &quot;Helvetica Neue&quot;, Helvetica, sans-serif; font-size: 15px; text-align: start;\">Komisi Pemberantasan Korupsi (KPK) mengamankan CEO Cilegon United Yudhi Apriyanto dan bendahara Wahyu Ida Utama terkait kasus suap kepada wali kota Cilegon Tubagus Iman Aryadi sebesar Rp1,5 miliar dalam operasi tangkap tangan (OTT).</p><p style=\"color: rgb(8, 31, 44); font-family: Arial, &quot;Helvetica Neue&quot;, Helvetica, sans-serif; font-size: 15px; text-align: start;\">Wakil ketua KPK Basaria Panjaitan dalam keterangannya mengatakan,pihaknya mengamankan tujuh orang dalam OTT yang dilakukan, Jumat (22/9). Dari ketujuh orang itu, empat diantaranya merupakan pengurus Cilegon United. Selain CEO dan bendahara, KPK juga mengamankan R yang merupakan staf Yudhi, dan AS, staf Wahyu.</p><p style=\"color: rgb(8, 31, 44); font-family: Arial, &quot;Helvetica Neue&quot;, Helvetica, sans-serif; font-size: 15px; text-align: start;\"><a href=\"http://www.goal.com/id-ID/news/1387/nasional/2017/09/21/38815722/gebuk-cilegon-united-pss-sleman-tatap-persis-solo\" style=\"color: rgb(0, 121, 84); font-weight: bold;\"><strong>SIMAK JUGA:&nbsp;Gebuk Cilegon United, PSS Tatap Persis</strong></a></p><p style=\"color: rgb(8, 31, 44); font-family: Arial, &quot;Helvetica Neue&quot;, Helvetica, sans-serif; font-size: 15px; text-align: start;\">Dalam OTT ini, Yudhi ditangkap di Bank BJB pada sore hari sesaat setelah menarik uang sebesar Rp800 juta. Selanjutnya, tim KPK meluncur menuju kantor Cilegon United, dan mendapati uang sebesar Rp352 juta. Uang itu ditransfer dari PT KIEC, dan diduga merupakan sebagian dari total Rp700 juta.</p><p style=\"color: rgb(8, 31, 44); font-family: Arial, &quot;Helvetica Neue&quot;, Helvetica, sans-serif; font-size: 15px; text-align: start;\">“Jadi ada dua transfer sebesar Rp800 juta dan Rp700 juta sesuai dengan kesepakatan sejumlah Rp1,5 miliar untuk pengurusan AMDAL. Dalam OTT ini, KPK mengamankan total uang sebesar Rp1,152 miliar,” ujar Basari.</p><p style=\"color: rgb(8, 31, 44); font-family: Arial, &quot;Helvetica Neue&quot;, Helvetica, sans-serif; font-size: 15px; text-align: start;\"><a href=\"http://www.goal.com/id-ID/news/1387/nasional/2017/09/16/38664512/pembagian-grup-16-besar-liga-2-2017\" style=\"color: rgb(0, 121, 84); font-weight: bold;\"><strong>SIMAK JUGA:&nbsp;Pembagian Grup 16 Besar Liga 2 2017</strong></a></p><p style=\"color: rgb(8, 31, 44); font-family: Arial, &quot;Helvetica Neue&quot;, Helvetica, sans-serif; font-size: 15px; text-align: start;\">Setelah melakukan penyidikan selama 24 jam, dan gelar perkara, KPK tidak menyebutkan Yudhi dan Wahyu sebagai tersangka di kasus suap ini.</p><p style=\"color: rgb(8, 31, 44); font-family: Arial, &quot;Helvetica Neue&quot;, Helvetica, sans-serif; font-size: 15px; text-align: start;\">KPK, lanjut Basaria, telah menetapkan enam orang menjadi tersangka, yaitu wali kota Cileon, ADP sebagai Kepala Badan Perizinan Terpadu dan Penanaman Modal (BPTPM) Kota Cilegon, H sebagai pihak swasta, proyek manajer PT KIEC, PDS, dan EWD legal manager PT KIEC.</p><p style=\"color: rgb(8, 31, 44); font-family: Arial, &quot;Helvetica Neue&quot;, Helvetica, sans-serif; font-size: 15px; text-align: start;\">Dari OTT yang dilakukan KPK ini, Basaria menyatakan, pihaknya menemukan modus operandi baru dalam melakukan suap dengan menggunakan saluran CSR ke klub sepakbola.</p><p style=\"color: rgb(8, 31, 44); font-family: Arial, &quot;Helvetica Neue&quot;, Helvetica, sans-serif; font-size: 15px; text-align: start;\"><a href=\"http://www.goal.com/id-ID/news/1387/nasional/2017/08/20/37938312/liga-2-mereka-yang-ke-16-besar-yang-terdegradasi\" style=\"color: rgb(0, 121, 84); font-weight: bold;\"><strong>SIMAK JUGA:&nbsp;Liga 2: Mereka Yang Ke 16 Besar &amp; Yang Terdegradasi</strong></a></p><p style=\"color: rgb(8, 31, 44); font-family: Arial, &quot;Helvetica Neue&quot;, Helvetica, sans-serif; font-size: 15px; text-align: start;\">“KPK menemukan modus operandi baru yang diduga menggunakan saluran CSR perusahaan kepada klub sepakbola daerah sebagai sarana untuk menerima suap. CU football club diindikasi digunakan sarana untuk menyamarkan dana agar tercatat sebagai pembukuan CSR, atau sponsorship, pada perusahaan,” jelas Basaria.</p><p style=\"color: rgb(8, 31, 44); font-family: Arial, &quot;Helvetica Neue&quot;, Helvetica, sans-serif; font-size: 15px; text-align: start;\">“Diduga hanya sebagaian dana bantuan yang benar-benar digunakan untuk CU Football Club.”</p>','2017-09-24 08:02:11','zvincere@gmail.com',69,'no','http://www.goal.com/id-ID/news/106/berita-utama/2017/09/24/38885512/ceo-bendahara-cilegon-united-diciduk-kpk?ICID=HP_TS_6','apakah ini benar???','Kontra','Menurut saya, saya tidak yakin','ceo-amp-bendahara-cilegon-united-diciduk-kpk','https://images.performgroup.com/di/library/Goal_Indonesia/12/8d/football-general-view_x8gpmo1scq0z181s0ba8m4blu.jpg?t=1971735342&quality=90&h=450 480, https://images.performgroup.com/di/library/Goal_Indonesia/12/8d/football-general-view_x8gpmo1scq0z181s0ba8m4blu.jpg?t=1971735342&quality=90&w=0&h=900 480@2x, https://images.performgroup.com/di/library/Goal_Indonesia/12/8d/football-general-view_x8gpmo1scq0z181s0ba8m4blu.jpg?t=1971735342&quality=90&h=540 580, https://images.performgroup.com/di/library/Goal_Indonesia/12/8d/football-general-view_x8gpmo1scq0z181s0ba8m4blu.jpg?t=1971735342&quality=90&w=0&h=1080 580@2x, https://images.performgroup.com/di/library/Goal_Indonesia/12/8d/football-general-view_x8gpmo1scq0z181s0ba8m4blu.jpg?t=1971735342&quality=90&h=710 740, https://images.performgroup.com/di/library/Goal_Indonesia/12/8d/football-general-view_x8gpmo1scq0z181s0ba8m4blu.jpg?t=1971735342&quality=90&w=0&h=1420 740@2x, https://images.performgroup.com/di/library/Goal_Indonesia/12/8d/football-general-view_x8gpmo1scq0z181s0ba8m4blu.jpg?t=1971735342&quality=90&h=630 980, https://images.performgroup.com/di/library/Goal_Indonesia/12/8d/football-general-view_x8gpmo1scq0z181s0ba8m4blu.jpg?t=1971735342&quality=90&w=0&h=1260 980@2x, https://images.performgroup.com/di/library/Goal_Indonesia/12/8d/football-general-view_x8gpmo1scq0z181s0ba8m4blu.jpg?t=1971735342&quality=90&h=800 1580, https://images.performgroup.com/di/library/Goal_Indonesia/12/8d/football-general-view_x8gpmo1scq0z181s0ba8m4blu.jpg?t=1971735342&quality=90&w=0&h=1600 1580@2x, https://images.performgroup.com/di/library/Goal_Indonesia/12/8d/football-general-view_x8gpmo1scq0z181s0ba8m4blu.jpg?t=1971735342&quality=90&h=300, https://images.performgroup.com/di/library/Goal_Indonesia/12/8d/football-general-view_x8gpmo1scq0z181s0ba8m4blu.jpg?t=1971735342&quality=90&w=0&h=600 @2x'),('24092017002','Wajib Hati-hati, Ini Bentuk Permen yang Diduga Mengandung Narkoba versi Netizen','<p style=\"margin-bottom: 0px; padding: 0px 0px 25px; color: rgb(50, 50, 51); font-family: &quot;Open Sans&quot;, arial, sans-serif; font-size: 17px; text-align: left;\"><strong style=\"margin: 0px; padding: 0px;\"><br></strong></p><p style=\"margin-bottom: 0px; padding: 0px 0px 25px; color: rgb(50, 50, 51); font-family: &quot;Open Sans&quot;, arial, sans-serif; font-size: 17px; text-align: left;\"><strong style=\"margin: 0px; padding: 0px;\">TRIBUN-MEDAN.COM -</strong>&nbsp;Baru-baru ini netizen di dunia maya dihebohkan dengan kemunculan foto-foto permen yang diduga mengandung narkoba yang mendadak viral di media sosial.</p><p style=\"margin-bottom: 0px; padding: 0px 0px 25px; color: rgb(50, 50, 51); font-family: &quot;Open Sans&quot;, arial, sans-serif; font-size: 17px; text-align: left;\">Permen narkoba ini muncul pertama kali melalui pesan berantai dari obrolan grup ke grup di media sosial.</p><p style=\"margin-bottom: 0px; padding: 0px 0px 25px; color: rgb(50, 50, 51); font-family: &quot;Open Sans&quot;, arial, sans-serif; font-size: 17px; text-align: left;\">Dilansir melalui laman Tribunnews, permen berbentuk dot ini dirazia oleh Pemerintah Kota Surabaya usai pesan tersebut viral di medsos.</p><div id=\"div-Inside-MediumRectangle\" data-google-query-id=\"CPKB5sLFvdYCFcWVaAod0uAPHg\" style=\"margin: auto; padding-top: 0px; padding-right: 0px; padding-left: 0px; color: rgb(50, 50, 51); font-family: &quot;Open Sans&quot;, arial, sans-serif; font-size: 17px; padding-bottom: 25px !important;\"><div id=\"google_ads_iframe_/31800665/TribunMedan/Article_2__container__\" style=\"margin: 0px; padding: 0px; border: 0pt none;\"><iframe id=\"google_ads_iframe_/31800665/TribunMedan/Article_2\" title=\"3rd party ad content\" name=\"google_ads_iframe_/31800665/TribunMedan/Article_2\" width=\"1\" height=\"1\" scrolling=\"no\" marginwidth=\"0\" marginheight=\"0\" frameborder=\"0\" style=\"margin: 0px; padding: 0px; max-width: 100%; border-width: 0px; border-style: initial; vertical-align: bottom;\"></iframe><div style=\"margin: -18px -15px 0px !important; padding: 0px !important; width: auto !important; position: relative !important; left: 0px !important; top: 0px !important; z-index: 1 !important; transition: height 1s ease 0s !important; overflow: hidden !important; border: medium none !important; height: 450px !important;\"><a href=\"https://adclick.g.doubleclick.net/pcs/click%253Fxai%253DAKAOjsudMl2linVOfk3V5gMc1zbXZf850mx4mCxy4b_QzSIOoZ0OWjQ5EjOMYeRH0KrHPUAYOn1lc4B6-iN9jOBQzQlqEtRwQc-_Z3r0h7SN5mw8kDOLTQRefivK4tSoqHQylUz-6lJpIB2Iadt3LL15EObpN_BZeghmfj_bRpbIs4ha49v2q7I5vPZn8sOuKI5Xf5bbxYn-ji7kHoJLXgAwNxUsXq8JdhKH4bRZJxUPYKhid4IG0ac8KD_JJ0g%2526sig%253DCg0ArKJSzIr84_92dkanEAE%2526urlfix%253D1%2526adurl%253Dhttps://tribun-3.s3.amazonaws.com/ads/MitraUsaha/index.html\" target=\"_blank\" style=\"margin: 0px; padding: 0px; outline: 0px; color: rgb(1, 111, 186); display: block; width: 550px; height: 300px;\"><div style=\"margin: 0px; padding: 0px; width: 550px; height: 450px; position: absolute; top: 0px; left: 0px; clip: rect(auto auto auto auto);\"><div style=\"margin: 0px; padding: 0px; height: 768px; transform: translateZ(0px); width: 1349px; position: fixed !important; left: 0px !important; top: 0px !important; z-index: 0 !important; pointer-events: none !important;\"><div style=\"margin: 0px; padding: 0px; transform: translateX(-23%); width: 1349px; border: none; position: absolute; left: 215.828px;\"><span style=\"margin: 0px; padding: 0px; display: inline-block; height: 0px; vertical-align: middle;\"></span><img src=\"https://securepubads.g.doubleclick.net/pcs/view%3Fxai%3DAKAOjssm8mzhwSMzs5nZ_7yFV8QdaXLkKZZ3bOPsI-hnaUwQBKjTKb3zMIgX9---PURXsx45R15pJNNDxsr2tl7EyZ_zElJKoaYRl8HfYXtdX7P4WPt76owfA-ALDnVTwEptWJZAWKPKChj8qBGmbbIJ1q4JpGUvnPlC_Ve82P2ewI1EMiMlmV38uWgyYqq88rE0QHagtlCRWifPb52MhvWEGKJsOJpLBRI9efnISrBREMwB9TKN0DKcdvFAW4M078aAnL7itjyWYw%26sig%3DCg0ArKJSzKzeq5TRo8p_EAE%26urlfix%3D1%26adurl%3Dhttps://tpc.googlesyndication.com/pagead/imgad?id=CICAgKCrkJz8KBABGAEyCLEH0puWOIeh\" style=\"margin: 0px; padding: 0px; max-width: 100%; height: 600px; width: 520px;\"></div></div></div></a></div></div></div><p style=\"margin-bottom: 0px; padding: 0px 0px 25px; color: rgb(50, 50, 51); font-family: &quot;Open Sans&quot;, arial, sans-serif; font-size: 17px; text-align: left;\">Walikota Surabaya yakni Tri Rismaharini memerintah Satuan Pamong Praja untuk bergerak melakukan razia.</p><p style=\"margin-bottom: 0px; padding: 0px 0px 25px; color: rgb(50, 50, 51); font-family: &quot;Open Sans&quot;, arial, sans-serif; font-size: 17px; text-align: left;\">Permen-permen yang tersebut rupanya telah beredar luas dan dikonsumsi oleh kalangan anak-anak. Bahkan permen ini dijual di beberapa sekolah-sekolah yang ada di kota Surabaya.</p><p style=\"margin-bottom: 0px; padding: 0px 0px 25px; color: rgb(50, 50, 51); font-family: &quot;Open Sans&quot;, arial, sans-serif; font-size: 17px; text-align: left;\"><strong style=\"margin: 0px; padding: 0px;\">Baca:&nbsp;<a title=\"Gara-gara Makan Es Krim Gratis dari Pria Tak Dikenal, Puluhan Murid SD Dilarikan ke Rumah Sakit\" href=\"http://medan.tribunnews.com/2017/03/09/gara-gara-makan-es-krim-gratis-dari-pria-tak-dikenal-puluhan-murid-sd-dilarikan-ke-rumah-sakit\" style=\"margin: 0px; padding: 0px; outline: 0px; color: rgb(1, 111, 186);\">Gara-gara Makan Es Krim Gratis dari Pria Tak Dikenal, Puluhan Murid SD Dilarikan ke Rumah Sakit</a></strong></p><p style=\"margin-bottom: 0px; padding: 0px 0px 25px; color: rgb(50, 50, 51); font-family: &quot;Open Sans&quot;, arial, sans-serif; font-size: 17px; text-align: left;\"><strong style=\"margin: 0px; padding: 0px;\">Baca:&nbsp;<a title=\"Inna Lillahi, Ibu Tertabrak saat Menyeberang, Bayi yang Terbentur Aspal Akhirnya Berpulang\" href=\"http://medan.tribunnews.com/2017/03/09/inna-lillahi-ibu-tertabrak-saat-menyeberang-bayi-yang-terbentur-aspal-akhirnya-berpulang\" style=\"margin: 0px; padding: 0px; outline: 0px; color: rgb(1, 111, 186);\">Inna Lillahi, Ibu Tertabrak saat Menyeberang, Bayi yang Terbentur Aspal Akhirnya Berpulang</a></strong></p><p style=\"margin-bottom: 0px; padding: 0px 0px 25px; color: rgb(50, 50, 51); font-family: &quot;Open Sans&quot;, arial, sans-serif; font-size: 17px; text-align: left;\">Sementara itu berdasarkan beberapa foto yang tersebar di media sosial menunjukkan tampilan permen ini dikemas berbentuk dot minuman bayi.</p><p style=\"margin-bottom: 0px; padding: 0px 0px 25px; color: rgb(50, 50, 51); font-family: &quot;Open Sans&quot;, arial, sans-serif; font-size: 17px; text-align: left;\">Kemudian didalamnya terdapat bubuk berwarna merah muda.&nbsp; Sedangkan pada bungkus luarnya, tertera tulisan yang menerangkan \"permen keras\".</p><p style=\"margin-bottom: 0px; padding: 0px 0px 25px; color: rgb(50, 50, 51); font-family: &quot;Open Sans&quot;, arial, sans-serif; font-size: 17px; text-align: left;\">Menanggapi beredarnya permen yang dianggap berbahaya tersebut, ramai netizen di media sosial kemudian mengunggah foto-foto beberapa jenis permen narkoba tersebut.</p><p style=\"margin-bottom: 0px; padding: 0px 0px 25px; color: rgb(50, 50, 51); font-family: &quot;Open Sans&quot;, arial, sans-serif; font-size: 17px; text-align: left;\">Tak hanya itu netizen juga menuliskan peringatan agar publik lebih berhati-hati jika menjumpai permen tersebut.</p><p style=\"margin-bottom: 0px; padding: 0px 0px 25px; color: rgb(50, 50, 51); font-family: &quot;Open Sans&quot;, arial, sans-serif; font-size: 17px; text-align: left;\">Seperti yang disampaikan oleh akun Kun Kowi Aguero, \"<em style=\"margin: 0px; padding: 0px;\">Awas permen diduga mengandung narkoba, awasi jajanan anak anda, ciri keluahn sesudah mkn prmen ini: pusing, batuk-batuk dan sakit tenggorokan.\"</em></p><p style=\"margin-bottom: 0px; padding: 0px 0px 25px; color: rgb(50, 50, 51); font-family: &quot;Open Sans&quot;, arial, sans-serif; font-size: 17px; text-align: left;\">Beberapa foto yang tersebar luas di internet memperlihatkan tak hanya berbentuk dot, permen ini adapula yang dikemas dalam bentuk lipstik, ataupun bentuk pil-pil berwarna-warni.</p><p style=\"margin-bottom: 0px; padding: 0px 0px 25px; color: rgb(50, 50, 51); font-family: &quot;Open Sans&quot;, arial, sans-serif; font-size: 17px; text-align: left;\"><em style=\"margin: 0px; padding: 0px;\"></em></p><p style=\"margin-bottom: 0px; padding: 0px 0px 25px; color: rgb(50, 50, 51); font-family: &quot;Open Sans&quot;, arial, sans-serif; font-size: 17px; text-align: left;\">Berikut penampilan permen yang diduga mengandung narkoba ini, yang telah dilansir&nbsp;<em style=\"margin: 0px; padding: 0px;\">tribunkaltim.co</em>&nbsp;dari berbagai sumber:</p><p style=\"margin-bottom: 0px; padding: 0px 0px 25px; color: rgb(50, 50, 51); font-family: &quot;Open Sans&quot;, arial, sans-serif; font-size: 17px; text-align: left;\"><br></p>','2017-09-24 16:54:08','rio.myself@gmail.com',120,'no','http://medan.tribunnews.com/2017/03/09/wajib-hati-hati-ini-bentuk-permen-yang-diduga-mengandung-narkoba-versi-netizen','apa berita ini benar??','Kontra','Apa kah perman-permen tersebut benar adanya mengandung narkoba???','wajib-hati-hati-ini-bentuk-permen-yang-diduga-mengandung-narkoba-versi-netizen','http://cdn2.tstatic.net/medan/foto/bank/images/permen-narkoba_20170309_071338.jpg'),('25102017001','Hacker Menyusup Lewat Software Buatan Rusia? - VIVA','Kaspersky menyebut tuduhan ini tak ada bukti dan tak berdasar.','2017-10-25 09:48:51','ntwelvth@gmail.com',30,'no','http://www.viva.co.id/digital/digilife/965611-hacker-menyusup-lewat-software-buatan-rusia','Untuk mengklarifikasi bahwa berita ini benar','Pro','Berita ini benar karena telah dilakukan peretasan terhadap rusia dari america','hacker-menyusup-lewat-software-buatan-rusia---viva','http://media.viva.co.id/thumbs2/2017/04/11/58ec682f7a0cf-ilustrasi-hacker_641_452.jpg'),('26102017001','Berawal dari Forum Kaskus, \'Keluarga Tak Kasat Mata\' Bakal Jadi Film, Ini 5 Faktanya - Tribun Jateng','Diary Misteri \'Keluarga Tak Kasat Mata\' sedang dalam proses pembuatan film dan direncanakan akan rilis pada November 2017. - Halaman 2','2017-10-26 19:20:53','bernandotorrez4@gmail.com',34,'no','http://jateng.tribunnews.com/2017/10/25/berawal-dari-forum-kaskus-keluarga-tak-kasat-mata-bakal-jadi-film-ini-4-faktanya','Untuk menginformasikan kepada teman - teman','Pro','mantapppp cerita horor favorit saya di kaskus kini mau diangkat jadi film, WAJIB NONTON!!!','berawal-dari-forum-kaskus-keluarga-tak-kasat-mata-bakal-jadi-film-ini-5-faktanya---tribun-jateng','http://cdn2.tstatic.net/jateng/foto/bank/images/keluarga-tak-kasat-mata_20171025_083954.jpg'),('26112017001','Produk Kangen Water Bukan untuk Pengobatan','<div id=\"article\" readability=\"86.122133236258\">\n  <!-- header -->\n  <h2 class=\"news-title\" itemprop=\"headline\">\n    Menkes: Produk Kangen Water Bukan untuk Pengobatan\n  </h2>\n  <dl class=\"news-info\">\n    <dt class=\"blind\">\n      CP name\n    </dt>\n    <dd class=\"publisher\" itemprop=\"publisher\">\n      kumparan\n    </dd>\n    <dt class=\"blind\">\n      Reporter\n    </dt>\n    <dd class=\"name\" itemprop=\"author\">\n      Wisnu Prasetiyo\n    </dd>\n    <dt class=\"blind\">\n      Upload Date &amp; Time\n    </dt>\n    <dd class=\"date\" itemprop=\"datePublished\">\n      Diterbitkan 24/11/2017 17:18\n    </dd>\n  </dl><!-- like and comment button -->\n  <div class=\"bx-share _top_share\">\n    <!-- It is created dynamically. -->\n    <ul id=\"share_below_title\" class=\"bx-btn-sns share\">\n      <li>\n        <button type=\"button\" class=\"sp btn-sns-line\">LINE share\n        button</button>\n      </li>\n      <li>\n        <button type=\"button\" class=\"sp btn-sns-fb\">Facebook share\n        button</button>\n      </li>\n      <li>\n        <button type=\"button\" class=\"sp btn-sns-tw\">Twitter share\n        button</button>\n      </li>\n    </ul>\n  </div><!-- /header -->\n  <!-- container -->\n  <div id=\"container\" readability=\"67.676575505351\">\n    <!-- TODO : content&#51032; markup&#51008; CMS&#50752; &#50672;&#44288;&#51060; &#51080;&#45796; &#51060;&#44163;&#51008; &#49688;&#51221;&#54616;&#47732; &#50504;&#46108;&#45796;. -->\n    <img data-hashid=\n    \"0hIztPGUUkFlVJKTolt2RpAnN_FTp6RQVWLR9HSxlHSGE0GVdUd08JO2p5HWxmSlELIE9QNWgoDWRiHVQDJU4J\"\n    src=\n    \"https://obs.line-scdn.net/0hIztPGUUkFlVJKTolt2RpAnN_FTp6RQVWLR9HSxlHSGE0GVdUd08JO2p5HWxmSlELIE9QNWgoDWRiHVQDJU4J/w644\"\n    alt=\"\">Nila Moeloek, Menteri Kesehatan (Foto: Raga\n    Imam/kumparan)\n    <p>\n      Menteri Kesehatan Nila Moeloek menegaskan, produk Kangen\n      Water tidak terbukti bisa mengobati masyarakat. Kementerian\n      Kesehatan telah menelaah iklan yang berisi manfaat Kangen\n      Water bagi kesehatan yang ditulis oleh PT Enagic Indonesia\n      selaku produsen.\n    </p>\n    <p>\n      \"Saya kira laporan yang diberikan, ditelaah Kemenkes, itu\n      tidak benar. Itu bukan untuk pengobatan. Jadi belum terbukti\n      untuk pengobatan,\" ungkap Menteri Kesehatan Nila Moeloek di\n      kantor Kementerian Kesehatan, Kuningan, Jakarta Selatan,\n      Jumat, (23/11).\n    </p>\n    <p>\n      Kemenkes telah menegur produsen Kangen Water, sekaligus\n      meminta agar materi iklan yang memuat manfaat Kangen Water --\n      yang belum terbukti khasiatnya -- untuk tidak diterbitkan.\n    </p>\n    <p>\n      \"Kita juga menegur untuk tidak mengeluarkan iklan yang belum\n      membuktikan manfaatnya,\" katanya.\n    </p>\n    <p>\n      Nila meminta masyarakat agar tidak terpengaruh dengan\n      peredaran brosur yang mengklaim Kangen Water bisa berfungsi\n      sebagai sarana pengobatan atau mampu mengobati suatu\n      penyakit.\n    </p><img data-hashid=\n    \"0hvtj28yuiKVtXSwUrqQdWDG0dKjRkJzpYM314RQcld28qe2haaS01NXRJJGN8c24FPi1vO3ZMMmp8f2sNOyw1\"\n    src=\n    \"https://obs.line-scdn.net/0hvtj28yuiKVtXSwUrqQdWDG0dKjRkJzpYM314RQcld28qe2haaS01NXRJJGN8c24FPi1vO3ZMMmp8f2sNOyw1/w644\"\n    alt=\"\">Kangen Water (Foto: Dok. kangenwater.co.id)&nbsp;\n    <p>\n      Statemen Menkes ini terkait munculnya surat berita acara\n      pemeriksaan (BAP) Kemenkes terhadap PT Enagic Indonesia\n      (Kangen Water) yang beredar di media sosial.\n    </p>\n    <p>\n      Isi surat berkop Kemenkes itu adalah:\n    </p>\n    <p>\n      <i>Berdasarkan berita acara pemeriksaan dari Direktorat\n      Jenderal Kefarmasian dan Alat Kesehatan Kementerian Kesehatan\n      RI, PT Enagic Indonesia selaku produsen mesin Kangen Water\n      diminta untuk:</i>\n    </p>\n    <p>\n      <i>1. Menarik semua brosur terkait informasi yang mengklaim\n      bahwa produk mesin Kange Water yang “telah diakui negara”\n      (Kementerian Kesehatan RI).</i>\n    </p>\n    <p>\n      <i>2. Menarik semua brosur terkait informasi yang mengklaim\n      bahwa produk mesin Kangen Water sebagai “medical device”.</i>\n    </p>\n    <p>\n      <i>3. Tidak boleh mengklaim bahwa produk mesin ionisasi\n      (water electrolysis) sebagai produk yang “dapat menyehatkan\n      dan/atau menyembuhkan”</i>\n    </p>\n    <p>\n      <i>4. Untuk nomor 1 s.d 3 di atas, Saudara segera memberikan\n      tindak lanjut dan perbaikan kepada Direktur Pengawasan Alat\n      Kesehatan dan PKRT, Kemenkes RI, dalam waktu 7 (tujuh) hari\n      sejak surat ini ditandatangani.</i>\n    </p>\n    <p>\n      <i>Surat itu ditandatangani oleh Pimpinan Sarana PT Enagic\n      Indonesia, Erwin Sharif Harahap, dan empat nama \"yang\n      melakukan pemeriksaan\".</i>\n    </p><img data-hashid=\n    \"0hyrcSNC4RJl1eKgotoGFZCmR8JTJtRjVeOhx3Qw5EeGkjGmdcYEw7M30iLGkmH2EDN0xgPXwsPWx1HmQLMk07\"\n    src=\n    \"https://obs.line-scdn.net/0hyrcSNC4RJl1eKgotoGFZCmR8JTJtRjVeOhx3Qw5EeGkjGmdcYEw7M30iLGkmH2EDN0xgPXwsPWx1HmQLMk07/w644\"\n    alt=\"\">Surat Kemenkes terkait Kangen Water (Foto: Dok.\n    Istimewa)&nbsp; <!-- original article -->\n     <a href=\n    \"https://kumparan.com/wisnu-prasetyo/menkes-produk-kangen-water-bukan-untuk-pengobatan?utm_source=LINE&amp;utm_medium=Aggregator\"\n    class=\"btn_txt\" target=\"_blank\" title=\"Artikel Asli\" style=\n    \"color: inherit; text-decoration: none;\" name=\n    \"readabilityLink-1\" id=\"readabilityLink-1\">Artikel Asli</a> \n    <!-- like and comment button -->\n    <div class=\"bx-share _middle_share\">\n      <!-- It is created dynamically. -->\n      <ul id=\"share_below_like\" class=\"bx-btn-sns share\">\n        <li>\n          <button type=\"button\" class=\"sp btn-sns-line\">LINE share\n          button</button>\n        </li>\n        <li>\n          <button type=\"button\" class=\"sp btn-sns-fb\">Facebook\n          share button</button>\n        </li>\n        <li>\n          <button type=\"button\" class=\"sp btn-sns-tw\">Twitter share\n          button</button>\n        </li>\n      </ul>\n    </div><!-- Related Articles (CP Contents) -->\n    <div id=\"related_container\" class=\"more-article\">\n      <h3 class=\"section-title\">\n        Lihat Lainnya \n        <!-- [D] &#44033; CP name &#50640; &#47582;&#45716; &#47196;&#44256; &#51060;&#48120;&#51648; &#48143; &#49324;&#51060;&#51592; &#45347;&#50612;&#51452;&#49464;&#50836; -->\n         <img src=\n        \"https://obs.line-scdn.net/0hzZqT535QJXVMLQvdPDlaInZ7Jhp_QTZ2KBt0axxDe0FoTzUlJU5oEW0lLkw1T2IrIhxtF24sPkRmHDFzdUlo\"\n        alt=\"kumparan\" class=\"cp\">\n      </h3>\n      <ul class=\"list-type-1\">\n        <li readability=\"-1.5\">\n          <a href=\n          \"https://kumparan.com/maulana-ramadhan/cerita-di-balik-kangen-water-air-ajaib-asal-jepang?utm_source=LINE&amp;utm_medium=Aggregator\"\n          target=\"_blank\" title=\n          \"Cerita di Balik Kangen Water, \'Air Ajaib\' Asal Jepang \"\n          class=\"lnk _link\">\n          <div class=\"txt\" readability=\"8\">\n            <p class=\"content\">\n              Cerita di Balik Kangen Water, \'Air Ajaib\' Asal Jepang\n            </p>\n          </div>\n        </li>\n        <li readability=\"-2\">\n          <a href=\n          \"https://kumparan.com/wisnu-prasetyo/respons-kangen-water-soal-surat-bap-kemenkes?utm_source=LINE&amp;utm_medium=Aggregator\"\n          target=\"_blank\" title=\n          \"Respons Kangen Water soal Surat BAP Kemenkes \" class=\n          \"lnk _link\">\n          <div class=\"txt\" readability=\"7\">\n            <p class=\"content\">\n              Respons Kangen Water soal Surat BAP Kemenkes\n            </p>\n          </div>\n        </li>\n        <li readability=\"-2\">\n          <a href=\n          \"https://kumparan.com/wisnu-prasetyo/kontroversi-khasiat-kangen-water-dan-kabar-hoax-yang-menyertai?utm_source=LINE&amp;utm_medium=Aggregator\"\n          target=\"_blank\" title=\n          \"Kontroversi Khasiat Kangen Water dan Kabar Hoax yang Menyertai\"\n          class=\"lnk _link\">\n          <div class=\"txt\" readability=\"7\">\n            <p class=\"content\">\n              Kontroversi Khasiat Kangen Water dan Kabar Hoax yang\n              Menyertai\n            </p>\n          </div>\n        </li>\n      </ul>\n    </div><!-- comment -->\n    <!-- /comment -->\n  </div><!-- /container -->\n</div>\n<div id=\"readability-footnotes\"></div>','2017-11-26 13:10:19','rio.myself@gmail.com',81,'no','https://today.line.me/ID/article/Menkes+Produk+Kangen+Water+Bukan+untuk+Pengobatan-l0o8NL?utm_source=fbshare','Klarifikasi berita','Kontra','Ayo bagaimana ini, mungkin salah informasi...\r\nMonggo berita ini di vote...','produk-kangen-water-bukan-untuk-pengobatan','https://obs.line-scdn.net/0hIztPGUUkFlVJKTolt2RpAnN_FTp6RQVWLR9HSxlHSGE0GVdUd08JO2p5HWxmSlELIE9QNWgoDWRiHVQDJU4J/w580'),('28102017001','Tim DVI Identifikasi 3 Korban Ledakan Pabrik Petasan, Ini Nama-namanya - Tribunnews.com','<p style=\"margin-bottom: 0px; padding: 0px 0px 25px; color: rgb(50, 50, 51); font-family: \"Open Sans\", arial, sans-serif; font-size: 17px; text-align: left;\"><strong style=\"margin: 0px; padding: 0px;\">TRIBUNNEWS.COM, JAKARTA</strong>- Tiga korban ledakan pabrik kembang api, PT Panca Buana Cahaya Sukses di Kosambi, Tangerang, berhasil diidentifikasi Tim Disaster Victim Identification (DVI) Mabes Polri pada hari ini.</p><p style=\"margin-bottom: 0px; padding: 0px 0px 25px; color: rgb(50, 50, 51); font-family: \"Open Sans\", arial, sans-serif; font-size: 17px; text-align: left;\">Ketiga korban yang telah berhasil diidentifikasi tersebut adalah Slamet Rahmat (AM 002) yang teridentifikasi dari body bag nomor 02/RSP/01 nomor register 335.</p><p style=\"margin-bottom: 0px; padding: 0px 0px 25px; color: rgb(50, 50, 51); font-family: \"Open Sans\", arial, sans-serif; font-size: 17px; text-align: left;\">\"Ini alamat di Garut teridentifikasi melalui DNA , gigi dan medis,\" kata Kabid Humas Polda Metro Jaya Kombes Raden Prabowo Argo Yuwono saat memberikan keterangan pers di RS Polri Said Sukanto, Jakarta, Sabtu (28/10/2017).</p><p style=\"margin-bottom: 0px; padding: 0px 0px 25px; color: rgb(50, 50, 51); font-family: \"Open Sans\", arial, sans-serif; font-size: 17px; text-align: left;\">Kedua atas nama Marwati binti Atip (AM 017) yang teridentifikasi dari body bag nomor 5 /RSP/001 nomor registrasi 338.</p><p style=\"margin-bottom: 0px; padding: 0px 0px 25px; color: rgb(50, 50, 51); font-family: \"Open Sans\", arial, sans-serif; font-size: 17px; text-align: left;\">Marwati yang beralamat di Tangerang juga teridentifikasi melalui DAN, gigi, dan medis.</p><p style=\"margin-bottom: 0px; padding: 0px 0px 25px; color: rgb(50, 50, 51); font-family: \"Open Sans\", arial, sans-serif; font-size: 17px; text-align: left;\">Ketiga adalah Sutrisna bin Alim (AM 015) yang teridentifikasi dari goodie bag nomor 09/RSP/001 nomor registrasi 342.</p><p style=\"margin-bottom: 0px; padding: 0px 0px 25px; color: rgb(50, 50, 51); font-family: \"Open Sans\", arial, sans-serif; font-size: 17px; text-align: left;\">Alamat korban berada di Tangerang dan juga teridentifikasi melalui DNA, gigi dan medis.</p><p style=\"margin-bottom: 0px; padding: 0px 0px 25px; color: rgb(50, 50, 51); font-family: \"Open Sans\", arial, sans-serif; font-size: 17px; text-align: left;\">Menurut Argo, serah terima jenazah akan dilakukan jika keluarga sudah datang.</p><p style=\"margin-bottom: 0px; padding: 0px 0px 25px; color: rgb(50, 50, 51); font-family: \"Open Sans\", arial, sans-serif; font-size: 17px; text-align: left;\">Sebelumya, Tim DVI telah berhasil mengidentifikasi satu korban atas nama Surnah, berjenis kelamin perempuan, warga Kampung Salembaran, RT 004 RW 016 Desa Belimbing, Kecamatan Kosambi, Kabupaten Tangerang.</p><p style=\"margin-bottom: 0px; padding: 0px 0px 25px; color: rgb(50, 50, 51); font-family: \"Open Sans\", arial, sans-serif; font-size: 17px; text-align: left;\">Mereka adalah Korban kebakaran Pabrik Kembang Api, PT Panca Buana Cahaya Sukses di Kosambi, Tangerang</p>','2017-10-28 15:03:42','bernandotorrez4@gmail.com',31,'no','http://www.tribunnews.com/metropolitan/2017/10/28/tim-dvi-identifikasi-3-korban-ledakan-pabrik-petasan-ini-nama-namanya','Untuk menginformasikan kepada teman - teman','Pro','akhirnya dapat diidentifikasi juga','tim-dvi-identifikasi-3-korban-ledakan-pabrik-petasan-ini-nama-namanya---tribunnewscom','http://cdn2.tstatic.net/tribunnews/foto/bank/images/jumpa-pers-pabrik-petasan_20171028_150424.jpg'),('28122017001','20 Film yang Paling Diantisipasi pada 2018 - Ayo Klarifikasi','<div id=\"content\" readability=\"97\">\n  <strong>JAKARTA</strong> - Tahun 2017 meninggalkan banyak\n  kenangan akan film-film menarik yang menghiasi perjalanan dari\n  Januari hingga Desember. Meski begitu, 2018 pun tak kalah menarik\n  untuk disimak.\n  <p>\n    Banyak film superhero dan fantasi yang akan dirilis tahun\n    depan. Beberapa di antaranya adalah film yang telah dinantikan\n    para penggemarnya. Apa saja? Berikut rangkuman film yang paling\n    diantisipasi pada 2018 dari SINDOnews untuk Anda.\n  </p>\n  <p>\n    <strong>1. Black Panther</strong><br>\n    <img src=\n    \"https://cdn.sindonews.net/dyn/620/atmaja/lifestyle/blackpanther.jpg\"\n    title=\"Black Panther\" width=\"600\" height=\"399\" alt=\n    \"20 Film yang Paling Diantisipasi pada 2018\"><br>\n    Marvel Cinematic Universe akan diperluas tahun depan dengan\n    dibuka oleh aksi T’Challa alias Black Panther yang diperakan\n    Chad Boseman. Film ini akan menjadi yang pertama dalam\n    genre-nya dimana karakter utamanya bukan orang kulit putih. Di\n    film ini, T’Challa harus menghadapi kondisi pascakematian\n    ayahnya yang membuatnya menjadi raja Wakanda—salah satu negara\n    dengan teknologi paling maju di dunia.<br>\n    <strong><br>\n    2. Annihilation</strong><br>\n    Mencari jawaban atas menghilangnya sang suami, seorang biologis\n    bersukarela melakukan ekspedisi ke area yang ditutup pemerintah\n    selama 30 tahun terakhir sebagai zona bencana lingkungan. Agen\n    rahasia bernama Southern Reach mengirimkan 11 ekspedisi selama\n    tahun-tahun tu untuk mencari kebenaran atas Area X dan usaha\n    itu gagal.\n  </p>\n  <p>\n    <strong>3. Ready Player One</strong><br>\n    Berdasarkan pada buku dengan judul yang sama, akan menarik\n    melihat bagaimana Steven Spielberg akan menghidupkan\n    petualangan ini ke layar lebar. Berseting di dunia realitas\n    virtual dimana kemungkinan bagi pemainnya tidak terbatas,\n    semuanya jadi berubah berbahaya dalam film yang akan menangkap\n    imajinasi jutaan orang di dunia atau malah jeblok.<br>\n    <strong><br>\n    4. Pacific Rim</strong><br>\n    John Boyega memimpin generasi baru pilot Jaeger di sekuel\n    pertempuran robot raksasa versus monster raksasa nan bombastis\n    ini.<br>\n    <strong><br>\n    5. Isle of Dogs</strong><br>\n    Mengisahkan tentang perjalanan seorang bocah mencari anjingnya\n    di Jepang. Film animasi yang disutradarai Wes Anderson ini\n    bakal menampilkan casting suara menarik seperti Bryan Cranston,\n    Edward Norton, Greta Gerwig, Scarlett Johanssen, Bill Murray\n    dan lain-lain.\n  </p>\n  <p>\n    <strong>6. The New Mutants</strong><br>\n    Sebuah grup baru mutan remaja dilatih di Xavier Institute. Film\n    superhero berbasis komik X-Men ini dibuat dengan genre horor\n    dan menampilkan tokoh seperti Danielle Moonstar, Wolfsbane,\n    Sunspot, Cannonball dan Magik.\n  </p>\n  <p>\n    <strong>7. Avengers: Infinity War</strong>\n  </p>\n  <p>\n    <iframe width=\"560\" height=\"315\" src=\n    \"https://www.youtube.com/embed/6ZfuNTqbHE8\" frameallow=\n    \"encrypted-media\" gesture=\"media\"></iframe>\n  </p>\n  <p>\n    Ini merupakan salah satu film yang paling diantisipasi pada\n    2018 dimana hampir semua tokoh kondang superhero Marvel muncul\n    berbarengan untuk menghadapi Thanos yang ingin mencari Infinity\n    Stone untuk melengkapi Infinity Gauntlet-nya. Avengers dan\n    teman-temanya harus berusaha mengentikannya sebelum dia\n    menghancurkan bumi dan alam semesta.<br>\n    <strong><br>\n    8. Solo: A Star Wars Story</strong><br>\n    Spin off Star Wars ini akan mengisahkan tentang masa lalu Han\n    Solo yang aslinya diperankan Harrison Ford, tapi di film ini\n    diperankan Aladen Ehrenreich. Dibintangi Woody Harrelson,\n    Emilia Clarke, Phoebe Waller-Bridge dan Thandie Newton, Solo\n    sepertinya menjadi film dengan banyak talent pada 2018.<br>\n    <strong><br>\n    9. Deadpool 2</strong><br>\n    <img src=\n    \"https://cdn.sindonews.net/dyn/620/atmaja/lifestyle/deadpool25.jpg\"\n    title=\"Deadpool 2\" width=\"600\" height=\"399\" alt=\n    \"20 Film yang Paling Diantisipasi pada 2018\"><br>\n    Ryan Reynolds sukses menghidupkan Merc with a Mouth di seri\n    pertama Deadpool pada 2016, tak heran jika antisipasi pada\n    sekuel film ini cukup tinggi. Membawa Josh Brolin sebagai Cable\n    dan Zazie Bets sebagai Domino, film ini bisa jadi film yang\n    konyol, penuh aksi seperti pada film pertamanya.<br>\n    <strong><br>\n    10. Jurassic World: Fallen Kingdom</strong><br>\n    <img src=\n    \"https://cdn.sindonews.net/dyn/620/atmaja/lifestyle/jurassicworld5.jpg\"\n    title=\"Jurassic World \" width=\"600\" height=\"399\" alt=\n    \"20 Film yang Paling Diantisipasi pada 2018\"><br>\n    Chris Pratt dan Bryce Dallas Howard kembali ke Jurassic World\n    setelah mereka menemukan gunung berapi di pulau itu akan\n    meletus dan menyapu bersih dinosaurus yang tersisa. Berharap\n    bisa merelokasi para dinosaurus itu, tugas itu jadi berat\n    karena gunung itu meletus begitu mereka tiba di pulau.<br>\n    <strong><br>\n    11. The Incredibles 2</strong><br>\n    Keluarga Parr sudah saatnya kembali ke layar lebar dengan The\n    Incredibles 2 muncul setelah seri pertamanya berakhir dengan\n    menggantung. Tidak banyak yang diketahui tentang plot film\n    produksi Disney/Pixar ini tapi ada yang mengatakan akan ada\n    penambahan sekitar 25 pahlawan baru.<br>\n    <strong><br>\n    12. Ant-Man and the Wasp</strong><br>\n    Ant-Man yang dibintangi Paul Rudd adalah film terlucu Marvel\n    sebelum Thor: Ragnarok tiba. Akankah mantan pencuri—bersama\n    Evangeline Lilly—kembali merebut titel itu?<br>\n    <strong><br>\n    13. Mission: Impossible 6</strong><br>\n    Detil plot misi berikut Tom Cruise di franchise mata-mata ini\n    mungkin adalah rahasia tapi satu keping intel berharga sudah\n    terkuak, yaitu Henry Cavill akan muncul dengan kumis.\n  </p>\n  <p>\n    <strong>14. Venom</strong><br>\n    Kembaran gelap Spider-Man—yang terakhir kali terlihat di\n    Spider-Man 3—mendapatkan film solonya. Tom Hardy akan\n    memerankan tokoh yang dikuasai alien hitam itu di film ini.\n  </p>\n  <p>\n    <strong>15. X-Men: Dark Phoenix</strong><br>\n    Setelah Apocalypse pada 2016, franchise mutan ini berusaha\n    kembali dengan seting 1990an dimana Jean Grey (Sophie Turner)\n    berubah jadi jahat.\n  </p>\n  <p>\n    <strong>16. Fantastic Beasts: The Crimes of\n    Grindelwald</strong><br>\n    <img src=\n    \"https://cdn.sindonews.net/dyn/620/atmaja/lifestyle/fantasticbeasts6.jpg\"\n    title=\"Fantastic Beasts: The Crimes of Grindelwald\" width=\"600\"\n    height=\"399\" alt=\n    \"20 Film yang Paling Diantisipasi pada 2018\"><br>\n    Prekuel Harry Potter ini berelokasi ke Paris pada 1920an,\n    dimana Newt Scamander (Eddie Redmayne) mengejar penyihir jahat\n    Grindelwald yang diperankan Johnny Depp.<br>\n    <strong><br>\n    17. Ralph Breaks the Internet: Wreck-It Ralph 2</strong><br>\n    Setelah film aslinya menampilkan tentang kehidupan rahasia\n    karakter game arcade retro, sekuelnya ini akan mengisahkan\n    tentang Ralph (John C Reilly) di dunia internet modern.<br>\n    <strong><br>\n    18. Aquaman</strong><br>\n    Satu-satunya film keluaran DC Entertainment/Warner Bros. tahun\n    depan. Jason Momoa akan kembali memerankan Arthur Curry, orang\n    yang bisa menguasai mahkluk lautan, sementara memberikan\n    pelayanan di Atlantis sebagai prajurit tangguh. Film ini\n    diperkirakan menjadi kisah asli yang lengkap pahlawan DC.<br>\n    <strong><br>\n    19. Mary Poppins Returns</strong><br>\n    Remake Disney terus berlanjut dengan Emily Blunt membawa tas\n    karpet ajaib pengasuh super untuk membantu semua anak-anaknya\n    yang sudah dewasa berkoneksi dengan anak mereka sendiri.<br>\n    <strong><br>\n    20. Bohemian Rhapsody</strong><br>\n    <img src=\n    \"https://cdn.sindonews.net/dyn/620/atmaja/lifestyle/bohemianrapshody.jpg\"\n    title=\"Bohemian Rhapsody\" width=\"600\" height=\"399\" alt=\n    \"20 Film yang Paling Diantisipasi pada 2018\"><br>\n    Film ini penuh tanda tanya. Apakah Rami Malek mampu memerankan\n    Freddy Mercury yang flamboyan? Seperti apa material yang\n    ditinggalkan Bryan Singer setelah dia hengkang dari film ini?\n    Akankah penggantinya, Dexter Fletcher, adalah orang yang tepat?\n  </p>\n  <p>\n    (alv)\n  </p>\n</div>','2017-12-28 17:12:23','bernandotorrez4@gmail.com',21,'no','https://lifestyle.sindonews.com/read/1269297/158/20-film-yang-paling-diantisipasi-pada-2018-1514438323','Untuk menginformasikan kepada teman teman','Pro','Untuk menginformasikan kepada teman teman','20-film-yang-paling-diantisipasi-pada-2018-ayoklarifikasi','https://cdn.sindonews.net/dyn/620/content/2017/12/28/158/1269297/20-film-yang-paling-diantisipasi-pada-2018-w5k.jpg'),('29102017001','BI Siapkan tIntegrasi Pembayaran Nontunai Antar-Moda Transportasi','<p><p></p><header style=\"clear: both; color: rgb(78, 90, 98); font-family: proxima_novaregular; font-size: 16px; text-align: start;\"><h1 class=\"title\" style=\"margin-top: 5px; margin-bottom: 10px; font-size: 36px; font-family: proxima_novabold;\"><br class=\"Apple-interchange-newline\">BI Siapkan Integrasi Pembayaran Nontunai Antar-Moda Transportasi</h1></header><figure class=\"hero\" style=\"margin-top: 15px; margin-bottom: 15px; position: relative; color: rgb(78, 90, 98); font-family: proxima_novaregular; font-size: 16px; text-align: start;\"><img class=\"img-responsive\" src=\"https://mmc.tirto.id/image/2017/09/14/antarafoto-pemberlakukan-transaksi-non-tunai-jalan-tol-130917-sp.JPG\" alt=\"BI Siapkan Integrasi Pembayaran Nontunai Antar-Moda Transportasi\" title=\"BI Siapkan Integrasi Pembayaran Nontunai Antar-Moda Transportasi\" style=\"width: 730.5px;\"><figcaption style=\"position: relative; width: 730.5px; border: none; padding: 5px 219.141px 5px 0px; font-size: 12px;\">(Ilustrasi) Seorang pengemudi mobil pengguna jalan tol bertransaksi menggunakan kartu elektronik non tunai ketika akan keluar dari tol Belmera Amplas Medan, Sumatera Utara, Rabu (13/9/2017). ANTARA FOTO/Septianda Perdana.</figcaption></figure></p><h1 class=\"title\" style=\"box-sizing: border-box; margin: 5px 0px 10px; font-size: 36px; font-family: proxima_novabold; font-weight: 500; line-height: 1.1; color: inherit;\"><br class=\"Apple-interchange-newline\">BI Siapkan Integrasi Pembayaran Nontunai Antar-Moda Transportasi</h1><header style=\"clear: both; color: rgb(78, 90, 98); font-family: proxima_novaregular; font-size: 16px; text-align: start;\"></header><figure class=\"hero\" style=\"margin-top: 15px; margin-bottom: 15px; position: relative; color: rgb(78, 90, 98); font-family: proxima_novaregular; font-size: 16px; text-align: start;\"><img class=\"img-responsive\" src=\"https://mmc.tirto.id/image/2017/09/14/antarafoto-pemberlakukan-transaksi-non-tunai-jalan-tol-130917-sp.JPG\" alt=\"BI Siapkan Integrasi Pembayaran Nontunai Antar-Moda Transportasi\" title=\"BI Siapkan Integrasi Pembayaran Nontunai Antar-Moda Transportasi\" style=\"width: 730.5px;\"><figcaption style=\"position: relative; width: 730.5px; border: none; padding: 5px 219.141px 5px 0px; font-size: 12px;\">(Ilustrasi) Seorang pengemudi mobil pengguna jalan tol bertransaksi menggunakan kartu elektronik non tunai ketika akan keluar dari tol Belmera Amplas Medan, Sumatera Utara, Rabu (13/9/2017). ANTARA FOTO/Septianda Perdana.<div class=\"share-this-horizontal\" style=\"line-height: 28px; position: absolute; top: 3px; right: 0px;\"><span class=\"totalcount\" style=\"font-size: 10px;\">0 Shares</span> <a data-type=\"facebook\" style=\"color: rgb(255, 255, 255); display: inline-block; text-align: center; font-size: 16px;\"><span class=\"fa fa-facebook\" style=\"line-height: 28px; width: 28px; height: 28px; background-color: rgb(78, 90, 98);\"></span></a> <a data-type=\"twitter\" style=\"color: rgb(255, 255, 255); display: inline-block; text-align: center; font-size: 16px;\"><span class=\"fa fa-twitter\" style=\"line-height: 28px; width: 28px; height: 28px; background-color: rgb(78, 90, 98);\"></span></a> <a href=\"mailto:?subject=BI%20Siapkan%20Integrasi%20Pembayaran%20Nontunai%20Antar-Moda%20Transportasi&amp;body=https://tirto.id:443/bi-siapkan-integrasi-pembayaran-nontunai-antar-moda-transportasi-czae\" style=\"color: rgb(255, 255, 255); display: inline-block; text-align: center; font-size: 16px;\"><span class=\"fa fa-envelope\" style=\"line-height: 28px; width: 28px; height: 28px; background-color: rgb(78, 90, 98);\"></span></a></div></figcaption></figure><div class=\"row\" style=\"color: rgb(78, 90, 98); font-family: proxima_novaregular; font-size: 16px; text-align: start;\"><div class=\"meta-content col-md-12\" style=\"width: 760.5px; margin-bottom: 15px;\"><div class=\"reporter\" style=\"font-family: proxima_novabold; font-size: 15px; margin-bottom: 10px;\">Reporter: <a href=\"https://tirto.id/author/damianusandreas?utm_source=internal&amp;utm_medium=topauthor\" style=\"color: rgb(0, 152, 218);\">Damianus Andreas</a></div><div class=\"date\" style=\"font-size: 15px; margin-bottom: 10px;\">27 Oktober, 2017<i class=\"dibaca\" style=\"float: right; text-align: right; position: relative; top: 0px;\">dibaca normal 1:30 menit</i></div></div><div class=\"inti-berita col-md-12\" style=\"width: 760.5px; font-size: 15px; margin-bottom: 15px; font-family: proxima_novabold;\"><ul style=\"margin-right: 0px; margin-bottom: 0px; margin-left: 0px; padding: 0px; list-style: none;\"><li style=\"position: relative; padding: 5px 15px 5px 0px;\"><span class=\"fa fa-share\" aria-hidden=\"true\" data-hasqtip=\"0\" style=\"font-size: 18px; position: absolute; top: 9px; cursor: pointer;\"></span><a data-hasqtip=\"7\" style=\"color: rgb(78, 90, 98); position: relative; left: 23px;\">Sitem integrasi pembayaran non-tunai antar-moda transportasi ditargetkan 75 persen terwujud di 2019.</a></li></ul></div><div class=\"blurb col-md-12\" style=\"width: 760.5px;\"><i>Bank Indonesia mengkaji rencana pemberlakuan mekanisme pembayaran semua jenis angkutan umum dengan memakai satu kartu.</i></div></div><div class=\"blurb fullwidth\" style=\"margin-top: 30px; font-size: 20px; color: rgb(78, 90, 98); font-family: proxima_novaregular; text-align: start;\"></div><div class=\"content-text-editor\" style=\"clear: both; overflow: hidden; margin-top: 25px; color: rgb(78, 90, 98); font-family: proxima_novaregular; font-size: 16px; text-align: start;\"><strong style=\"font-family: proxima_novabold;\"><a href=\"https://tirto.id/?utm_source=internal&amp;utm_medium=Article\" style=\"color: rgb(0, 152, 218);\">tirto.id</a> - </strong>Bank Indonesia (BI) kini sedang mengkaji rencana penerapan sistem integrasi pembayaran nontunai antar-moda transportasi. Rencana ini akan menjadi kelanjutan dari penerapan transaksi nontunai secara penuh di jalan tol pada 31 Oktober 2017. <br><br>Menurut Direktur Elektronifikasi Departemen Kebijakan dan Pengawasan Sistem Pembayaran BI Pungky Wibowo, sistem integrasi tersebut bakal menjawab kebutuhan efisiensi dalam layanan transportasi umum.<br><br>“Untuk (naik) LRT (kereta ringan/light rail transit), KRL (kereta rel listrik), MRT (moda raya terpadu/mass rapid transit), PPD (Pengangkutan Penumpang Djakarta), dan Damri, insya Allah akan satu kartu,” kata Pungky di kawasan jalan Sudirman, Jakarta pada Jumat (27/10/2017).<br><br>Rencana pengintegrasian tersebut memang belum masuk tahap pembahasan secara detail. Tapi, dia menegaskan sistem integrasi itu didesain dalam rangka menyukseskan Gerakan Nasional Non Tunai (GNNT) dan memenuhi target strategi keuangan inklusif yang dicanangkan Presiden Joko Widodo pada 2016 lalu.<br><br>“Itu bertujuan supaya masyarakat terhubung dengan perbankan dan lembaga keuangan formal. (Perkiraan) Targetnya sebesar 75 persen (terwujud) di 2019,” kata Pungky.<br><br>Ke depan, BI berencana menjalin kerja sama dengan seluruh pemerintah daerah dan juga semua kementerian/lembaga untuk merealisasikan sistem layanan angkutan umum baru ini. Dia menilai target capaian untuk sistem integrasi perlu disesuaikan dengan perencanaan pemerintah pusat.<br><br>“Ini sudah didukung oleh peraturan-peraturan menteri, salah satunya Peraturan Menteri Dalam Negeri yang mendorong cash management system, transaksi nontunai di seluruh pemerintah daerah di 2017 dan harus diimplementasikan di 2018,” kata Pungky.<br><br>Menurut dia, kawasan Jabodetabek akan menjadi pionir untuk pemberlakuan sistem integrasi pembayaran non-tunai antar-moda transportasi itu. Alasannya tak lain karena moda transportasi di Jabodetabek sudah bervariasi dan relatif lebih modern.<br><br>Meskipun demikian, Pungky menegaskan GNNT, yang telah dicanangkan sejak 2014 lalu, tidak akan menggeser fungsi dan peran uang kertas maupun logam. <br><br>“Pasti kebutuhan uang nggak mungkin semua terpenuhi dari kebutuhan uang nontunai,” ucap Pungky.<br><br>Pembagian antara penggunaan uang tunai dan nontunai akan terjadi mengikuti dinamika perkembangan ekonomi.<br><br>“Menggantikan tidak, tapi sebagai komplementer iya,” kata Pungky.<br><br>Pada 6 September 2017 lalu, BI dan Kemenhub menyepakati pengembangan integrasi sistem pembayaran elektronik bidang transportasi. Sistem itu akan mengintegrasikan moda transportasi darat, laut, udara dan perkeretaapian, hingga perparkiran dan jalan tol. <br><br>Dengan integrasi tersebut, uang elektronik akan bisa dipakai dalam pembayaran berbagai moda transportasi. Rencananya, integrasi pembayaran tersebut akan dimulai dari wilayah Jabodetabek, bekerja sama dengan Pemerintah Provinsi DKI Jakarta. <br><br>Dalam siaran persnya usai peresmian kesepakatan itu, BI mencatat inisiatif nontunai moda transportasi di Jakarta telah dirintis sejak tahun 2013 oleh PT KAI Commuter Jabodetabek (KCJ). Selanjutnya, Bus Transjakarta sejak 14 Februari 2015 telah seluruhnya menerima pembayaran uang elektronik dari 6 bank. Pada kedua moda tersebut, uang elektronik sekaligus berfungsi sebagai tiket transportasi (e-ticket). <br><br>Baca juga artikel terkait <a href=\"https://tirto.id/q/transaksi-nontunai-c8Z?utm_source=internal&amp;utm_medium=lowkeyword\" style=\"color: rgb(0, 152, 218);\">TRANSAKSI NONTUNAI</a> atau tulisan menarik lainnya <a href=\"https://tirto.id/author/damianusandreas?utm_source=internal&amp;utm_medium=lowauthor\" style=\"color: rgb(0, 152, 218);\">Damianus Andreas </a><br><div class=\"credit\" style=\"font-family: proxima_novabold;\">(tirto.id - dam/add)</div></div><p><p><br></p><p><br></p><p><br></p><p><br></p></p>','2017-10-29 10:29:19','stepanuspandes@gmail.com',36,'no','https://tirto.id/bi-siapkan-integrasi-pembayaran-nontunai-antar-moda-transportasi-czae','Saya Sih setuju saja.','Pro','Karena ini memudahkan pengguna, dan mempercepat perjalanan di pintu pintu gardu tol.','bi-siapkan-tintegrasi-pembayaran-nontunai-antar-moda-transportasi','https://mmc.tirto.id/image/share/fb/2017/09/14/antarafoto-pemberlakukan-transaksi-non-tunai-jalan-tol-130917-sp.JPG'),('29102017002','ESDM: Vivo Jual BBM Lebih Murah dari Premium Tak Langgar Aturan','','2017-10-29 10:46:11','stepanuspandes@gmail.com',35,'no','http://bisnis.liputan6.com/read/3144068/esdm-vivo-jual-bbm-lebih-murah-dari-premium-tak-langgar-aturan','Bisa di pahami teman teman ini tidak melanggar aturan','Pro','selama ini masih berjalan sesuai aturan yang berlaku, SPBU ini boleh beroperasi. ','esdm-vivo-jual-bbm-lebih-murah-dari-premium-tak-langgar-aturan','https://cdn1-a.production.liputan6.static6.com/medias/1751841/big/051610200_1509017288-SPBU-VIVO-Siap-Bersaing-dengan-SPBU-Pertamina4.jpg'),('30102017001','Lengkap! Cara Registrasi Ulang Kartu SIM Prabayar Simpati, As, XL, Indosat, Smartfren, dan Tri - Tribun Jabar','<p style=\"margin-bottom: 0px; padding: 0px 0px 25px; color: rgb(50, 50, 51); font-family: \"Open Sans\", arial, sans-serif; font-size: 17px; text-align: left;\"><strong style=\"margin: 0px; padding: 0px;\">TRIBUNJABAR.CO.ID</strong> - <em style=\"margin: 0px; padding: 0px;\">Cara Registrasi Ulang Kartu SIM Prabayar <a href=\"https://jabar.tribunnews.com/tag/simpati\" title=\"Simpati\" style=\"margin: 0px; padding: 0px; outline: 0px; color: rgb(1, 111, 186);\">Simpati</a>, As, XL, Indosat, Smartfren, dan Tri.</em></p><p style=\"margin-bottom: 0px; padding: 0px 0px 25px; color: rgb(50, 50, 51); font-family: \"Open Sans\", arial, sans-serif; font-size: 17px; text-align: left;\">Memasuki akhir bulan Oktober 2017, masyarakat Indonesia harus melakukan registrasi kartu SIM prabayar. Baik itu untuk kartu SIM prabayar lama maupun baru.</p><p style=\"margin-bottom: 0px; padding: 0px 0px 25px; color: rgb(50, 50, 51); font-family: \"Open Sans\", arial, sans-serif; font-size: 17px; text-align: left;\">Kementerian Komunikasi dan Informatika (Kemenkominfo) mewajibkan registrasi kartu menggunakan Nomor Induk Kependudukan (NIK) di KTP dan nomor Kartu Keluarga (KK).</p><div id=\"div-Inside-MediumRectangle\" style=\"margin: auto; padding-top: 0px; padding-right: 0px; padding-left: 0px; color: rgb(50, 50, 51); font-family: \"Open Sans\", arial, sans-serif; font-size: 17px; padding-bottom: 25px !important;\"></div><p style=\"margin-bottom: 0px; padding: 0px 0px 25px; color: rgb(50, 50, 51); font-family: \"Open Sans\", arial, sans-serif; font-size: 17px; text-align: left;\">Bagi pemegang nomor SIM prabayar baru maupun lama wajib melakukan registrasi dengan format SMS yang telah ditentukan mulai tanggal 31 Oktober 2017.</p><p style=\"margin-bottom: 0px; padding: 0px 0px 25px; color: rgb(50, 50, 51); font-family: \"Open Sans\", arial, sans-serif; font-size: 17px; text-align: left;\">Adapun batas waktu registrasi ulang paling lambat pada 28 Februari 2018.</p><p style=\"margin-bottom: 0px; padding: 0px 0px 25px; color: rgb(50, 50, 51); font-family: \"Open Sans\", arial, sans-serif; font-size: 17px; text-align: left;\">Cara registrasi kartu prabayar masing-masing provider sebenarnya hampir sama, hanya berbeda di format penulisan SMS.</p><p style=\"margin-bottom: 0px; padding: 0px 0px 25px; color: rgb(50, 50, 51); font-family: \"Open Sans\", arial, sans-serif; font-size: 17px; text-align: left;\">Melansir dari Kompas.com, berikut cara registrasi ulang kartu SIM prabayar dari berbagai operator.</p><p style=\"margin-bottom: 0px; padding: 0px 0px 25px; color: rgb(50, 50, 51); font-family: \"Open Sans\", arial, sans-serif; font-size: 17px; text-align: left;\"><strong style=\"margin: 0px; padding: 0px;\">1. Telkomsel (Simpati &amp; As)</strong></p><p style=\"margin-bottom: 0px; padding: 0px 0px 25px; color: rgb(50, 50, 51); font-family: \"Open Sans\", arial, sans-serif; font-size: 17px; text-align: left;\"><em style=\"margin: 0px; padding: 0px;\">Kartu Baru</em></p><p style=\"margin-bottom: 0px; padding: 0px 0px 25px; color: rgb(50, 50, 51); font-family: \"Open Sans\", arial, sans-serif; font-size: 17px; text-align: left;\">REG#(16 digit NIK)#(16 digit nomor KK) kirim ke 4444</p><p style=\"margin-bottom: 0px; padding: 0px 0px 25px; color: rgb(50, 50, 51); font-family: \"Open Sans\", arial, sans-serif; font-size: 17px; text-align: left;\"><em style=\"margin: 0px; padding: 0px;\">artu Lama</em></p><p style=\"margin-bottom: 0px; padding: 0px 0px 25px; color: rgb(50, 50, 51); font-family: \"Open Sans\", arial, sans-serif; font-size: 17px; text-align: left;\">ULANG#(16 digit NIK)#(16 digit nomor KK) kirim ke 4444</p><p style=\"margin-bottom: 0px; padding: 0px 0px 25px; color: rgb(50, 50, 51); font-family: \"Open Sans\", arial, sans-serif; font-size: 17px; text-align: left;\">Atau bisa melalui laman resmi Telkomsel. Klik tautan <strong style=\"margin: 0px; padding: 0px;\"><a href=\"https://telkomsel.com/registrasiprabayar\" target=\"_blank\" style=\"margin: 0px; padding: 0px; outline: 0px; color: rgb(1, 111, 186);\">berikut ini.</a></strong></p><div id=\"div-Inside-MediumRectangle\" style=\"margin: auto; padding-top: 0px; padding-right: 0px; padding-left: 0px; color: rgb(50, 50, 51); font-family: \"Open Sans\", arial, sans-serif; font-size: 17px; padding-bottom: 25px !important;\"></div><p style=\"margin-bottom: 0px; padding: 0px 0px 25px; color: rgb(50, 50, 51); font-family: \"Open Sans\", arial, sans-serif; font-size: 17px; text-align: left;\"><strong style=\"margin: 0px; padding: 0px;\">2. XL</strong></p><p style=\"margin-bottom: 0px; padding: 0px 0px 25px; color: rgb(50, 50, 51); font-family: \"Open Sans\", arial, sans-serif; font-size: 17px; text-align: left;\"><em style=\"margin: 0px; padding: 0px;\">Kartu Baru</em></p><p style=\"margin-bottom: 0px; padding: 0px 0px 25px; color: rgb(50, 50, 51); font-family: \"Open Sans\", arial, sans-serif; font-size: 17px; text-align: left;\">DAFTAR#(16 digit NIK)#(16 digit nomor KK) kirim ke 4444</p><p style=\"margin-bottom: 0px; padding: 0px 0px 25px; color: rgb(50, 50, 51); font-family: \"Open Sans\", arial, sans-serif; font-size: 17px; text-align: left;\"><em style=\"margin: 0px; padding: 0px;\">Kartu Lama</em></p><p style=\"margin-bottom: 0px; padding: 0px 0px 25px; color: rgb(50, 50, 51); font-family: \"Open Sans\", arial, sans-serif; font-size: 17px; text-align: left;\">ULANG#(16 digit NIK)#(16 digit nomor KK) kirim ke 4444</p><p style=\"margin-bottom: 0px; padding: 0px 0px 25px; color: rgb(50, 50, 51); font-family: \"Open Sans\", arial, sans-serif; font-size: 17px; text-align: left;\"><strong style=\"margin: 0px; padding: 0px;\">3. Tri</strong></p><p style=\"margin-bottom: 0px; padding: 0px 0px 25px; color: rgb(50, 50, 51); font-family: \"Open Sans\", arial, sans-serif; font-size: 17px; text-align: left;\"><em style=\"margin: 0px; padding: 0px;\">Kartu Baru</em></p><p style=\"margin-bottom: 0px; padding: 0px 0px 25px; color: rgb(50, 50, 51); font-family: \"Open Sans\", arial, sans-serif; font-size: 17px; text-align: left;\">(16 digit NIK)#(16 digit nomor KK) kirim ke 4444</p><p style=\"margin-bottom: 0px; padding: 0px 0px 25px; color: rgb(50, 50, 51); font-family: \"Open Sans\", arial, sans-serif; font-size: 17px; text-align: left;\"><em style=\"margin: 0px; padding: 0px;\">Kartu Lama</em></p><p style=\"margin-bottom: 0px; padding: 0px 0px 25px; color: rgb(50, 50, 51); font-family: \"Open Sans\", arial, sans-serif; font-size: 17px; text-align: left;\">ULANG#(16 digit NIK)#(16 digit nomor KK) kirim ke 4444</p><div id=\"div-Inside-MediumRectangle\" style=\"margin: auto; padding-top: 0px; padding-right: 0px; padding-left: 0px; color: rgb(50, 50, 51); font-family: \"Open Sans\", arial, sans-serif; font-size: 17px; padding-bottom: 25px !important;\"></div><p style=\"margin-bottom: 0px; padding: 0px 0px 25px; color: rgb(50, 50, 51); font-family: \"Open Sans\", arial, sans-serif; font-size: 17px; text-align: left;\"><strong style=\"margin: 0px; padding: 0px;\">4. Indosat</strong></p><p style=\"margin-bottom: 0px; padding: 0px 0px 25px; color: rgb(50, 50, 51); font-family: \"Open Sans\", arial, sans-serif; font-size: 17px; text-align: left;\"><em style=\"margin: 0px; padding: 0px;\">Kartu Baru</em></p><p style=\"margin-bottom: 0px; padding: 0px 0px 25px; color: rgb(50, 50, 51); font-family: \"Open Sans\", arial, sans-serif; font-size: 17px; text-align: left;\">(16 digit NIK)#(16 digit nomor KK) kirim ke 4444</p><p style=\"margin-bottom: 0px; padding: 0px 0px 25px; color: rgb(50, 50, 51); font-family: \"Open Sans\", arial, sans-serif; font-size: 17px; text-align: left;\"><em style=\"margin: 0px; padding: 0px;\">Kartu Lama</em></p><p style=\"margin-bottom: 0px; padding: 0px 0px 25px; color: rgb(50, 50, 51); font-family: \"Open Sans\", arial, sans-serif; font-size: 17px; text-align: left;\">ULANG#(16 digit NIK)#(16 digit nomor KK) kirim ke 4444</p><p style=\"margin-bottom: 0px; padding: 0px 0px 25px; color: rgb(50, 50, 51); font-family: \"Open Sans\", arial, sans-serif; font-size: 17px; text-align: left;\"><strong style=\"margin: 0px; padding: 0px;\">5. Smartfren</strong></p><p style=\"margin-bottom: 0px; padding: 0px 0px 25px; color: rgb(50, 50, 51); font-family: \"Open Sans\", arial, sans-serif; font-size: 17px; text-align: left;\"><em style=\"margin: 0px; padding: 0px;\">Kartu Baru</em></p><p style=\"margin-bottom: 0px; padding: 0px 0px 25px; color: rgb(50, 50, 51); font-family: \"Open Sans\", arial, sans-serif; font-size: 17px; text-align: left;\">(16 digit NIK)#(16 digit nomor KK) kirim ke 4444</p><p style=\"margin-bottom: 0px; padding: 0px 0px 25px; color: rgb(50, 50, 51); font-family: \"Open Sans\", arial, sans-serif; font-size: 17px; text-align: left;\"><em style=\"margin: 0px; padding: 0px;\">Kartu Lama</em></p><p style=\"margin-bottom: 0px; padding: 0px 0px 25px; color: rgb(50, 50, 51); font-family: \"Open Sans\", arial, sans-serif; font-size: 17px; text-align: left;\">ULANG#(16 digit NIK)#(16 digit nomor KK) kirim ke 4444</p><div id=\"div-Inside-MediumRectangle\" style=\"margin: auto; padding-top: 0px; padding-right: 0px; padding-left: 0px; color: rgb(50, 50, 51); font-family: \"Open Sans\", arial, sans-serif; font-size: 17px; padding-bottom: 25px !important;\"></div><p style=\"margin-bottom: 0px; padding: 0px 0px 25px; color: rgb(50, 50, 51); font-family: \"Open Sans\", arial, sans-serif; font-size: 17px; text-align: left;\"><strong style=\"margin: 0px; padding: 0px;\">Apa yang Terjadi jika Tak Registrasi?</strong></p><p style=\"margin-bottom: 0px; padding: 0px 0px 25px; color: rgb(50, 50, 51); font-family: \"Open Sans\", arial, sans-serif; font-size: 17px; text-align: left;\">Mulai Selasa nanti, 31 Oktober 2017, pengguna kartu seluler prabayar wajib melampirkan Kartu Keluarga (KK) dan Kartu Tanda Penduduk (KTP) sebagai persyaratan registrasi.</p><p style=\"margin-bottom: 0px; padding: 0px 0px 25px; color: rgb(50, 50, 51); font-family: \"Open Sans\", arial, sans-serif; font-size: 17px; text-align: left;\">Hal ini tertuang di dalam Peraturan Menteri Komunikasi dan Informatika (Permen Kominfo) no.14 tahun 2017 tentang registrasi pelanggan jasa telekomunikasi.</p><p style=\"margin-bottom: 0px; padding: 0px 0px 25px; color: rgb(50, 50, 51); font-family: \"Open Sans\", arial, sans-serif; font-size: 17px; text-align: left;\">Menteri Komunikasi dan Informatika (Menkominfo), Rudiantara, mengatakan tujuan registrasi merupakan upaya pemerintah mencegah penyalahgunaan nomor pelanggan.</p><p style=\"margin-bottom: 0px; padding: 0px 0px 25px; color: rgb(50, 50, 51); font-family: \"Open Sans\", arial, sans-serif; font-size: 17px; text-align: left;\">Hal ini sejalan dengan komitmen pemerintah dalam upaya memberikan perlindungan kepada konsumen.</p><p style=\"margin-bottom: 0px; padding: 0px 0px 25px; color: rgb(50, 50, 51); font-family: \"Open Sans\", arial, sans-serif; font-size: 17px; text-align: left;\">\"Untuk kepentingan nasional single identity,\" ujar Rudiantara di kantor Kementerian Komunikasi dan Informatika, Jakarta, Rabu (11/10/2017).</p><p style=\"margin-bottom: 0px; padding: 0px 0px 25px; color: rgb(50, 50, 51); font-family: \"Open Sans\", arial, sans-serif; font-size: 17px; text-align: left;\">Pada pelaksanaannya nomor registrasi untuk pelanggan kartu prabayar mulai 31 Oktober 2017.</p><p style=\"margin-bottom: 0px; padding: 0px 0px 25px; color: rgb(50, 50, 51); font-family: \"Open Sans\", arial, sans-serif; font-size: 17px; text-align: left;\">Semua data registrasi akan terekam di database Direktorat Jenderal Kependudukan dan Pencatatan Sipil (Ditjen Dukcapil).</p><p style=\"margin-bottom: 0px; padding: 0px 0px 25px; color: rgb(50, 50, 51); font-family: \"Open Sans\", arial, sans-serif; font-size: 17px; text-align: left;\">\"Registrasi bisa langsung calon pelanggan yang membeli kartu perdana, serta registrasi ulang bagi pelanggan lama,\" kata Rudiantara.</p><p style=\"margin-bottom: 0px; padding: 0px 0px 25px; color: rgb(50, 50, 51); font-family: \"Open Sans\", arial, sans-serif; font-size: 17px; text-align: left;\">Rudiantara menyebut jika pelanggan tidak melakukan registrasi sesuai NIK dan KK, nomor kartu perdana akan diblokir nantinya.</p><p style=\"margin-bottom: 0px; padding: 0px 0px 25px; color: rgb(50, 50, 51); font-family: \"Open Sans\", arial, sans-serif; font-size: 17px; text-align: left;\">\"Calon pelanggan tidak bisa mengaktifkan kartu perdana dan pemblokiran nomor pelanggan lama secara bertahap,\" kata Rudiantara.</p><p style=\"margin-bottom: 0px; padding: 0px 0px 25px; color: rgb(50, 50, 51); font-family: \"Open Sans\", arial, sans-serif; font-size: 17px; text-align: left;\">Sebagai informasi pelanggan kartu prabayar dapat menghubungi layanan pelanggan masing-masing penyelenggara jasa telekomunikasi seputar informasi registrasi.</p><p style=\"margin-bottom: 0px; padding: 0px 0px 25px; color: rgb(50, 50, 51); font-family: \"Open Sans\", arial, sans-serif; font-size: 17px; text-align: left;\">Pelanggan juga bisa meminta informasi data kependudukan ke Direktorat Jenderal Kependudukan dan Pencatatan Sipil melihat nomor yang tercatat.<em style=\"margin: 0px; padding: 0px;\"><strong style=\"margin: 0px; padding: 0px;\"> (Kompas.com &amp; Tribunnews)</strong></em><em style=\"margin: 0px; padding: 0px;\"></em></p><p style=\"margin-bottom: 0px; padding: 0px 0px 25px; color: rgb(50, 50, 51); font-family: \"Open Sans\", arial, sans-serif; font-size: 17px; text-align: left;\"><em style=\"margin: 0px; padding: 0px;\"><br></em></p>','2017-10-30 15:45:43','bernandotorrez4@gmail.com',213,'no','http://jabar.tribunnews.com/2017/10/30/lengkap-cara-registrasi-ulang-kartu-sim-prabayar-simpati-as-xl-indosat-smartfren-dan-tri','Untuk menginformasikan kepada teman - teman','Pro','Jangan lupa registrasi ulang teman - teman, biar kartu nya ga di blokir','lengkap-cara-registrasi-ulang-kartu-sim-prabayar-simpati-as-xl-indosat-smartfren-dan-tri---tribun-jabar','http://cdn2.tstatic.net/jabar/foto/bank/images/operator-seluler-di-indonesia_20171030_153325.jpg'),('31102017001','Jasa Marga Janji Petugas Tol Tak Akan Kena PHK - Tribunnews.com','<p style=\"padding: 0px 15px 20px; margin-right: auto; margin-bottom: 0px; margin-left: auto; line-height: 24px; font-family: \"Open Sans\", serif; font-size: medium; text-align: start;\"><strong style=\"padding: 0px; margin: 0px;\">TRIBUNNEWS.COM, JAKARTA</strong> - Sejalan akan diterapkannya elektronifikasi jalan tol pada 31 Oktober 2017 mendatang, PT Jasa Marga (persero) Tbk mengatakan tidak akan melakukan Pemutusan Hubungan Kerja (PHK).</p><p style=\"padding: 0px 15px 20px; margin-right: auto; margin-bottom: 0px; margin-left: auto; line-height: 24px; font-family: \"Open Sans\", serif; font-size: medium; text-align: start;\">Direktur Utama Jasa Marga Desi Arryani mengatakan, sejak awal rencana elektronifikasi pembayaran tol, pihaknya telah berkomitmen tidak akan melakukan pemutusan kerja. Desi menyebut, elektronifikasi tak berarti tidak ada petugas di gardu tol.</p><p style=\"padding: 0px 15px 20px; margin-right: auto; margin-bottom: 0px; margin-left: auto; line-height: 24px; font-family: \"Open Sans\", serif; font-size: medium; text-align: start;\">\"Petugasnya bukan ambil uang dan kembalikan uang, tapi melayani dan menjamin kelancaran dalam proses transaksi,\" jelas Desi dalam konferensi pers di Bank Indonesia (BI), Senin (23/10).</p><p style=\"padding: 0px 15px 20px; margin-right: auto; margin-bottom: 0px; margin-left: auto; line-height: 24px; font-family: \"Open Sans\", serif; font-size: medium; text-align: start;\">Desi mengungkapkan, jumlah petugas di gardu tol memang akan berkurang. Namun, Jasa Marga telah menyiapkan sejumlah program untuk mengalihkan petugas-petugas tol ke posisi yang lain.</p>','2017-10-31 08:34:33','r10_1234@yahoo.com',39,'no','http://www.tribunnews.com/bisnis/2017/10/23/jasa-marga-janji-petugas-tol-tak-akan-kena-phk','Apa benar?','Kontra','Apa ini dampak etoll?\r\nMw dikemanakan pekerjanya?','jasa-marga-janji-petugas-tol-tak-akan-kena-phk---tribunnewscom','http://cdn2.tstatic.net/tribunnews/foto/bank/images/pengoperasian-gardu-tol-otomatis-di-semarang_20141105_215153.jpg'),('31102017002','Heboh, Mencari Seorang Gadis yang Hilang, Polisi Malah\nTemukan 9 Mayat dan 2 Kepala Terpenggal','<div readability=\"83.004441624365\">\n  <p>\n    <strong>TRIBUNNEWS.COM, TOKYO -</strong> Polisi menemukan\n    potongan tubuh dan kepala di <a href=\n    \"http://www.tribunnews.com/tag/apartemen\" class=\"blue\" title=\n    \"apartemen\" style=\"color: inherit; text-decoration: none;\"\n    name=\"readabilityLink-1\" id=\"readabilityLink-1\">apartemen</a>\n    seorang pria berusia 27 tahun di Zama, <a href=\n    \"http://www.tribunnews.com/tag/tokyo\" class=\"blue\" title=\n    \"Tokyo\" style=\"color: inherit; text-decoration: none;\" name=\n    \"readabilityLink-2\" id=\"readabilityLink-2\">Tokyo</a>, Jepang.\n  </p>\n  <p>\n    Polisi menyelidiki <a href=\n    \"http://www.tribunnews.com/tag/apartemen\" class=\"blue\" title=\n    \"apartemen\" style=\"color: inherit; text-decoration: none;\"\n    name=\"readabilityLink-3\" id=\"readabilityLink-3\">apartemen</a>\n    milik pria bernama Takahiro Shiraishi ini karena diduga\n    terlibat dalam kasus hilangnya perempuan berusia 23 tahun di\n    <a href=\"http://www.tribunnews.com/tag/tokyo\" class=\"blue\"\n    title=\"Tokyo\" style=\"color: inherit; text-decoration: none;\"\n    name=\"readabilityLink-4\" id=\"readabilityLink-4\">Tokyo</a>.\n  </p>\n  <p>\n    Dalam pernyataan ke penyidik polisi, Shiraishi mengaku telah\n    membunuh sembilan orang dan berusaha menyembunyikan mayatnya.\n  </p>\n  <p>\n    Bagian tubuh yang terpisah, termasuk kepala, ditemukan di\n    <a href=\"http://www.tribunnews.com/tag/lemari-es\" class=\"blue\"\n    title=\"lemari es\" style=\n    \"color: inherit; text-decoration: none;\" name=\n    \"readabilityLink-5\" id=\"readabilityLink-5\">lemari es</a>.\n    Potongan tubuh itu diketahui milik delapan perempuan dan satu\n    pria.\n  </p>\n  <p>\n    Polisi setempat memperkirakan, potongan tubuh itu termasuk\n    milik perempuan yang hilang.\n  </p>\n  <p>\n    Dilansir dari Japan Today, Selasa (31/1/2017), Shiraishi lantas\n    ditahan atas dugaan menyimpan tubuh manusia.\n  </p>\n  <p>\n    Pencarian terhadap perempuan yang hilang itu menjadi kunci bagi\n    polisi untuk mengungkap pembunuhan lain.\n  </p>\n  <p>\n    Sebelumnya, perempuan tersebut mengenal Shiraishi dari forum\n    khusus di internet untuk orang yang ingin bunuh diri.\n  </p>\n  <p>\n    Melalui kamera pengawas, polisi melihat Shiraishi berjalan\n    dengan korban, yang menghilang dari rumahnya sejak sebulan\n    terakhir.\n  </p>\n  <p>\n    Keduanya terlihat berjalan bersama di dekat stasiun, tak jauh\n    dari rumah perempuan itu.\n  </p>\n  <p>\n    Perempuan tersebut juga sempat berkicau di akun Twitter-nya.\n  </p>\n  <p>\n    \"Mencari seseorang yang akan bunuh diri bersamaku,\" tulisnya,\n    seperti yang diungkapkan oleh penyidik.\n  </p>\n  <p>\n    Pada 24 Oktober 2017, kakak kandung perempuan itu melapor ke\n    polisi mengenai hilangnya sang adik sejak tiga hari sebelumnya.\n  </p>\n  <p>\n    Dia juga sempat masuk ke akun Twitter adiknya dan mengetahui\n    ada beberapa pesan dari Shiraishi. (Kompas.com)\n  </p>\n</div>\n<div id=\"readability-footnotes\"></div>','2017-10-31 22:38:28','bernandotorrez4@gmail.com',26,'no','http://www.tribunnews.com/internasional/2017/10/31/heboh-mencari-seorang-gadis-yang-hilang-polisi-malah-temukan-9-mayat-dan-2-kepala-terpenggal','Untuk menginformasikan kepada teman - teman','Pro','Untuk menginformasikan kepada teman - teman','heboh-mencari-seorang-gadis-yang-hilang-polisi-malahtemukan-9-mayat-dan-2-kepala-terpenggal','http://cdn2.tstatic.net/tribunnews/foto/bank/images/beberapa-jurnalis-terlihat-berada-di-sekitar-bangunan-apartemen_20171031_215107.jpg'),('31102017004','Pelatih Barcelona Pulang ke Klub Lamanya -\nBola Liputan6.com','<div data-component-name=\n\"desktop:read-page:article-content-body:section:text\" readability=\n\"66.097989949749\">\n  <p>\n    <b>Liputan6.com, Praha -</b> <a href=\n    \"http://bola.liputan6.com/read/3146354/barcelona-tak-ingin-tertipu-performa-buruk-real-madrid\"\n    title=\"Barcelona\" style=\n    \"color: inherit; text-decoration: none;\" name=\n    \"readabilityLink-1\" id=\"readabilityLink-1\">Barcelona</a> akan\n    menghadapi Olympiakos di Stadio Georgios Karaiskaki, Praha,\n    Selasa (31/10/2017) atau Rabu dini hari WIB pada fase grup Liga\n    Champions. Pelatih <a href=\n    \"http://www.liputan6.com/tag/barcelona\" target=\"_blank\" style=\n    \"color: inherit; text-decoration: none;\" name=\n    \"readabilityLink-2\" id=\"readabilityLink-2\">Barcelona</a>,\n    Ernesto Valverde akan pulang ke klub lamanya.\n  </p>\n  <p>\n    Pada pertemuan pertama yang berlangsung di Camp Nou, 19 Oktober\n    lalu, Los Blaugrana, sebutan Barcelona, menang telak 3-1 atas\n    Olympiakos. Namun demikian, Valverde meminta anak asuhnya tak\n    jemawa.\n  </p>\n  <p>\n    Sebab, Olympiakos merupakan salah satu klub besar di Yunani,\n    tak mudah mencuri poin di Stadio Georgios Karaiskaki. Dia ingin\n    Barcelona datang dengan pikiran bermain maksimal dan membawa\n    pulang tiga poin dari Yunani.\n  </p>\n  <p>\n    \"Setiap poin sulit didapat. Anda harus bekerja ekstra keras\n    untuk menang di tiap laga. Akhir pekan lalu menunjukkan\n    sulitnya untuk meraih kemenangan,\" katanya, dikutip dari\n    <em>Goal</em>.\n  </p>\n  <p>\n    Valverde melanjutkan, Olympiakos merupakan tim yang memiliki\n    suporter hebat. Pelatih asal Spanyol itu pernah dua periode\n    melatih Olympiakos dengan sukses menjuarai Liga Super Yunani\n    tiga kali.\n  </p>\n  <p>\n    \"Mereka (fans Olympiakos) tentu akan menyambut saya dengan\n    hangat, tetapi mereka akan mendukung tim mereka. Ada banyak\n    sekali laga spesial yang pernah saya lakoni di tempat ini,\"\n    ucap Valverde.\n  </p>\n  <p>\n    \"Fans di Yunani secara umum memang berbeda dengan negara lain.\n    Di sini, fans datang ke stadion untuk berpesta. Ada gairah yang\n    sangat besar, bahkan saat laga sudah selesai,\" kata suksesor\n    Luis Enrique, pelatih <a href=\n    \"http://bola.liputan6.com/read/3146985/7-fakta-menarik-jelang-olympiakos-vs-barcelona\"\n    title=\"Barcelona\" style=\n    \"color: inherit; text-decoration: none;\" name=\n    \"readabilityLink-3\" id=\"readabilityLink-3\">Barcelona</a>\n    sebelumnya.\n  </p>\n</div>\n<div id=\"readability-footnotes\"></div>','2017-10-31 22:46:12','bernandotorrez4@gmail.com',22,'no','http://bola.liputan6.com/read/3147185/liga-champions-pelatih-barcelona-pulang-ke-klub-lamanya?medium=Headline&campaign=Headline_click_1','Untuk menginformasikan kepada teman - teman','Pro','Untuk menginformasikan kepada teman - teman','pelatih-barcelona-pulang-ke-klub-lamanya--bola-liputan6com','http://cdn1-a.production.images.static6.com/zDGOri_FgihnIBpCPHiExYRd2WY=/673x373/smart/filters:quality(75):strip_icc():format(jpeg)/liputan6-media-production/medias/1722572/original/095491300_1506553561-Ernesto_Valverde.jpg');
/*!40000 ALTER TABLE `posting` ENABLE KEYS */;

--
-- Table structure for table `saran`
--

DROP TABLE IF EXISTS `saran`;
/*!40101 SET @saved_cs_client     = @@character_set_client */;
/*!40101 SET character_set_client = utf8 */;
CREATE TABLE `saran` (
  `id_saran` int(11) NOT NULL AUTO_INCREMENT,
  `saran` text COLLATE utf8_unicode_ci NOT NULL,
  `tanggal_saran` timestamp NOT NULL DEFAULT CURRENT_TIMESTAMP ON UPDATE CURRENT_TIMESTAMP,
  PRIMARY KEY (`id_saran`)
) ENGINE=InnoDB AUTO_INCREMENT=4 DEFAULT CHARSET=utf8 COLLATE=utf8_unicode_ci;
/*!40101 SET character_set_client = @saved_cs_client */;

--
-- Dumping data for table `saran`
--

/*!40000 ALTER TABLE `saran` DISABLE KEYS */;
INSERT INTO `saran` VALUES (1,'Bagusss','2017-10-19 15:31:47'),(2,'a','2017-10-26 12:38:29'),(3,'eweafrwstgwrwrwrwrw','2017-11-18 09:53:33');
/*!40000 ALTER TABLE `saran` ENABLE KEYS */;

--
-- Table structure for table `tags`
--

DROP TABLE IF EXISTS `tags`;
/*!40101 SET @saved_cs_client     = @@character_set_client */;
/*!40101 SET character_set_client = utf8 */;
CREATE TABLE `tags` (
  `id` int(11) NOT NULL AUTO_INCREMENT,
  `id_posting` char(11) COLLATE utf8_unicode_ci NOT NULL,
  `name` varchar(50) COLLATE utf8_unicode_ci NOT NULL,
  PRIMARY KEY (`id`)
) ENGINE=MyISAM AUTO_INCREMENT=67 DEFAULT CHARSET=utf8 COLLATE=utf8_unicode_ci;
/*!40101 SET character_set_client = @saved_cs_client */;

--
-- Dumping data for table `tags`
--

/*!40000 ALTER TABLE `tags` DISABLE KEYS */;
INSERT INTO `tags` VALUES (1,'14092017002','Olahraga'),(2,'14092017002','Nasional'),(3,'14092017003','Hoax'),(4,'14092017003','Politik'),(6,'16092017001','Internet'),(7,'16092017001','Hoax'),(8,'18092017001','Pemilu'),(9,'18092017001','Politik'),(10,'18092017001','Nasional'),(11,'24092017001','Politik'),(12,'24092017002','Permen'),(13,'24092017002','Narkoba'),(14,'10102017001','Pendidikan'),(21,'19102017001','Politik'),(20,'19102017001','Negara'),(17,'16102017002','Komunikasi'),(18,'16102017002','Ilmu Pengetahuan'),(19,'16102017002','Nasional'),(22,'20102017001','Politik'),(23,'20102017001','Sosial'),(24,'25102017001','Hacking'),(25,'26102017001','Indonesia'),(26,'26102017001','Film'),(27,'26102017001','Budaya'),(28,'28102017001','DVI'),(29,'29102017001','Nasional'),(30,'29102017002','Nasional'),(31,'30102017001','Nasional'),(32,'30102017001','Tutorial'),(33,'30102017001','Tekno'),(34,'31102017001','Alihkerja'),(35,'31102017001','PHK'),(36,'01112017001','Prostitusi'),(37,'04112017001','Nasional'),(38,'04112017001','Edukasi'),(39,'04112017001','Hukum'),(40,'10112017001','Nasional'),(41,'10112017001','Jakarta'),(42,'10112017001','Transportasi'),(43,'10112017002','Nasional'),(44,'10112017002','Pahlawan'),(45,'10112017003','Politik'),(46,'10112017003','Kpk'),(47,'10112017004','Internasional'),(48,'10112017004','Nasional'),(49,'11112017001','Tekno'),(50,'11112017002','Budaya'),(51,'11112017002','Sosial'),(52,'13112017001','Kesehatan'),(53,'13112017001','Tips'),(54,'16112017001','Kpk'),(55,'16112017001','Hukum'),(56,'16112017001','Korupsi'),(57,'26112017001','Kesehatan'),(58,'17122017001','Game'),(59,'17122017001','Olahraga'),(60,'17122017001','Sport'),(61,'17122017002','Film'),(62,'17122017002','Animasi'),(63,'17122017002','Anime'),(64,'28122017001','Film'),(65,'10012018001','Politik'),(66,'10012018001','Nasional');
/*!40000 ALTER TABLE `tags` ENABLE KEYS */;

--
-- Table structure for table `tags_db`
--

DROP TABLE IF EXISTS `tags_db`;
/*!40101 SET @saved_cs_client     = @@character_set_client */;
/*!40101 SET character_set_client = utf8 */;
CREATE TABLE `tags_db` (
  `id_tags` int(11) NOT NULL AUTO_INCREMENT,
  `name` varchar(25) COLLATE utf8_unicode_ci NOT NULL,
  PRIMARY KEY (`id_tags`)
) ENGINE=MyISAM AUTO_INCREMENT=51 DEFAULT CHARSET=utf8 COLLATE=utf8_unicode_ci;
/*!40101 SET character_set_client = @saved_cs_client */;

--
-- Dumping data for table `tags_db`
--

/*!40000 ALTER TABLE `tags_db` DISABLE KEYS */;
INSERT INTO `tags_db` VALUES (1,'Politik'),(2,'Hukum'),(3,'Pendidikan'),(4,'Internasional'),(5,'Nasional'),(6,'Olahraga'),(7,'Hoax'),(9,'Internet'),(10,'Sosial'),(11,'Pemilu'),(12,'Budaya'),(13,'Ilmu Pengetahuan'),(14,'Narkoba'),(15,'Permen'),(16,'Fiksi'),(17,'Negara'),(18,'Indonesia'),(19,'Bumi'),(20,'Datar'),(21,'Bulat'),(22,'Astronot'),(23,'Alam'),(24,'Selebritis'),(25,'Artis'),(26,'Komunikasi'),(27,'Lalu Lintas'),(28,'Rambu'),(29,'Manfaat'),(30,'Game'),(31,'Hacking'),(32,'Film'),(33,'Mahasiswa'),(34,'DVI'),(35,'Tutorial'),(36,'Tekno'),(37,'Alihkerja'),(38,'PHK'),(39,'Prostitusi'),(40,'Edukasi'),(41,'Jakarta'),(42,'Transportasi'),(43,'Pahlawan'),(44,'Kpk'),(45,'Kesehatan'),(46,'Tips'),(47,'Korupsi'),(48,'Sport'),(49,'Animasi'),(50,'Anime');
/*!40000 ALTER TABLE `tags_db` ENABLE KEYS */;

--
-- Dumping routines for database 'u115045845_ayo'
--
/*!40103 SET TIME_ZONE=@OLD_TIME_ZONE */;

/*!40101 SET SQL_MODE=@OLD_SQL_MODE */;
/*!40014 SET FOREIGN_KEY_CHECKS=@OLD_FOREIGN_KEY_CHECKS */;
/*!40014 SET UNIQUE_CHECKS=@OLD_UNIQUE_CHECKS */;
/*!40101 SET CHARACTER_SET_CLIENT=@OLD_CHARACTER_SET_CLIENT */;
/*!40101 SET CHARACTER_SET_RESULTS=@OLD_CHARACTER_SET_RESULTS */;
/*!40101 SET COLLATION_CONNECTION=@OLD_COLLATION_CONNECTION */;
/*!40111 SET SQL_NOTES=@OLD_SQL_NOTES */;

-- Dump completed on 2018-01-20 13:56:31
